Country,IATA
Papua New Guinea,GKA
Papua New Guinea,MAG
Papua New Guinea,HGU
Papua New Guinea,LAE
Papua New Guinea,POM
Papua New Guinea,WWK
Greenland,UAK
Greenland,GOH
Greenland,SFJ
Greenland,THU
Iceland,AEY
Iceland,EGS
Iceland,HFN
Iceland,HZK
Iceland,IFJ
Iceland,KEF
Iceland,PFJ
Iceland,RKV
Iceland,SIJ
Iceland,VEY
Canada,YAM
Canada,YAY
Canada,YAZ
Canada,YBB
Canada,YBC
Canada,YBG
Canada,YBK
Canada,YBL
Canada,YBR
Canada,YCB
Canada,YCD
Canada,YCG
Canada,YCH
Canada,YCL
Canada,YCO
Canada,YCT
Canada,YCW
Canada,YCY
Canada,YZS
Canada,YDA
Canada,YDB
Canada,YDF
Canada,YDL
Canada,YDN
Canada,YDQ
Canada,YEG
Canada,YEK
Canada,YEN
Canada,YET
Canada,YEU
Canada,YEV
Canada,YFB
Canada,YFC
Canada,YFE
Canada,YFO
Canada,YFR
Canada,YFS
Canada,YGK
Canada,YGL
Canada,YGP
Canada,YGQ
Canada,YGR
Canada,YHB
Canada,YHD
Canada,YHI
Canada,YHK
Canada,YHM
Canada,YHU
Canada,YHY
Canada,YHZ
Canada,YIB
Canada,YIO
Canada,YJN
Canada,YJT
Canada,YKA
Canada,YKF
Canada,YKL
Canada,YKY
Canada,YKZ
Canada,YLD
Canada,YLJ
Canada,YLL
Canada,YLT
Canada,YLW
Canada,YMA
Canada,YMJ
Canada,YMM
Canada,YMO
Canada,YMW
Canada,YMX
Canada,YNA
Canada,YND
Canada,YNM
Canada,YOC
Canada,YOD
Canada,YOJ
Canada,YOW
Canada,YPA
Canada,YPE
Canada,YPG
Canada,YPL
Canada,YPN
Canada,YPQ
Canada,YPR
Canada,YPY
Canada,YQA
Canada,YQB
Canada,YQF
Canada,YQG
Canada,YQH
Canada,YQK
Canada,YQL
Canada,YQM
Canada,YQQ
Canada,YQR
Canada,YQT
Canada,YQU
Canada,YQV
Canada,YQW
Canada,YQX
Canada,YQY
Canada,YQZ
Canada,YRB
Canada,YRI
Canada,YRJ
Canada,YRM
Canada,YRT
Canada,YSB
Canada,YSC
Canada,YSJ
Canada,YSM
Canada,YSR
Canada,YSU
Canada,YSY
Canada,YTE
Canada,YTH
Canada,YTR
Canada,YTS
Canada,YTZ
Canada,YUB
Canada,YUL
Canada,YUT
Canada,YUX
Canada,YUY
Canada,YVC
Canada,YVG
Canada,YVM
Canada,YVO
Canada,YVP
Canada,YVQ
Canada,YVR
Canada,YVT
Canada,YVV
Canada,YWA
Canada,YWG
Canada,YWK
Canada,YWL
Canada,YWY
Canada,YXC
Canada,YXD
Canada,YXE
Canada,YXH
Canada,YXJ
Canada,YXL
Canada,YXP
Canada,YXR
Canada,YXS
Canada,YXT
Canada,YXU
Canada,YXX
Canada,YXY
Canada,YYB
Canada,YYC
Canada,YYD
Canada,YYE
Canada,YYF
Canada,YYG
Canada,YYH
Canada,YYJ
Canada,YYL
Canada,YYN
Canada,YYQ
Canada,YYR
Canada,YYT
Canada,YYU
Canada,YYW
Canada,YYY
Canada,YYZ
Canada,YZD
Canada,YZE
Canada,YZF
Canada,YZH
Canada,YZP
Canada,YZR
Canada,YZT
Canada,YZU
Canada,YZV
Canada,YZW
Canada,YZX
Canada,ZFA
Canada,ZFM
Algeria,QLD
Algeria,BUJ
Algeria,BJA
Algeria,ALG
Algeria,DJG
Algeria,VVZ
Algeria,TMR
Algeria,GJL
Algeria,MZW
Algeria,AAE
Algeria,CZL
Algeria,TEE
Algeria,HRM
Algeria,TID
Algeria,TIN
Algeria,CFK
Algeria,TAF
Algeria,TLM
Algeria,ORN
Algeria,BFW
Algeria,MUW
Algeria,AZR
Algeria,BSK
Algeria,ELG
Algeria,GHA
Algeria,HME
Algeria,INZ
Algeria,TGR
Algeria,LOO
Algeria,TMX
Algeria,OGX
Algeria,IAM
Benin,COO
Burkina Faso,OUA
Burkina Faso,BOY
Ghana,ACC
Ghana,TML
Ghana,NYI
Ghana,TKD
Cote d'Ivoire,ABJ
Cote d'Ivoire,BYK
Cote d'Ivoire,DJO
Cote d'Ivoire,HGO
Cote d'Ivoire,MJC
Cote d'Ivoire,SPY
Cote d'Ivoire,ASK
Nigeria,ABV
Nigeria,AKR
Nigeria,BNI
Nigeria,CBQ
Nigeria,ENU
Nigeria,IBA
Nigeria,ILR
Nigeria,JOS
Nigeria,KAD
Nigeria,KAN
Nigeria,MIU
Nigeria,MDI
Nigeria,LOS
Nigeria,MXJ
Nigeria,PHC
Nigeria,SKO
Nigeria,YOL
Nigeria,ZAR
Niger,MFQ
Niger,NIM
Niger,THZ
Niger,AJY
Niger,ZND
Tunisia,MIR
Tunisia,TUN
Tunisia,GAF
Tunisia,GAE
Tunisia,DJE
Tunisia,EBM
Tunisia,SFA
Tunisia,TOE
Togo,LRL
Togo,LFW
Belgium,ANR
Belgium,BRU
Belgium,CRL
Belgium,KJK
Belgium,LGG
Belgium,OST
Belgium,OBL
Germany,AOC
Germany,IES
Germany,REB
Germany,QXH
Germany,BBH
Germany,ZMG
Germany,CBU
Germany,SXF
Germany,DRS
Germany,ERF
Germany,FRA
Germany,FMO
Germany,HAM
Germany,THF
Germany,CGN
Germany,DUS
Germany,MUC
Germany,NUE
Germany,LEJ
Germany,SCN
Germany,STR
Germany,TXL
Germany,HAJ
Germany,BRE
Germany,QEF
Germany,HHN
Germany,MHG
Germany,EIB
Germany,SGE
Germany,XFW
Germany,KEL
Germany,LBC
Germany,ESS
Germany,BFE
Germany,MGL
Germany,PAD
Germany,DTM
Germany,AGB
Germany,OBF
Germany,RBM
Germany,FDH
Germany,SZW
Germany,BYU
Germany,URD
Germany,HOQ
Germany,ZQW
Germany,ZQL
Germany,BWE
Germany,KSF
Germany,BRV
Germany,EME
Germany,WVN
Germany,BMK
Germany,NRD
Germany,FLF
Germany,GWT
Estonia,KDL
Estonia,URE
Estonia,EPU
Estonia,TLL
Estonia,TAY
Finland,ENF
Finland,KEV
Finland,HEM
Finland,HEL
Finland,HYV
Finland,KTQ
Finland,IVL
Finland,JOE
Finland,JYV
Finland,KAU
Finland,KEM
Finland,KAJ
Finland,KHJ
Finland,KOK
Finland,KAO
Finland,KTT
Finland,KUO
Finland,QLF
Finland,LPP
Finland,MHQ
Finland,MIK
Finland,OUL
Finland,POR
Finland,RVN
Finland,SVL
Finland,SOT
Finland,TMP
Finland,TKU
Finland,UTI
Finland,VAA
Finland,VRK
Finland,YLI
United Kingdom,BFS
United Kingdom,ENK
United Kingdom,BHD
United Kingdom,LDY
United Kingdom,BHX
United Kingdom,CVT
United Kingdom,GLO
United Kingdom,GBA
United Kingdom,MAN
United Kingdom,NQY
United Kingdom,LYE
United Kingdom,YEO
United Kingdom,HAW
United Kingdom,CWL
United Kingdom,SWS
United Kingdom,BRS
United Kingdom,LPL
United Kingdom,LTN
United Kingdom,PLH
United Kingdom,BOH
United Kingdom,SOU
United Kingdom,QLA
Guernsey,ACI
Guernsey,GCI
Jersey,JER
United Kingdom,ESH
United Kingdom,BQH
United Kingdom,LGW
United Kingdom,LCY
United Kingdom,FAB
United Kingdom,BBS
United Kingdom,LHR
United Kingdom,SEN
United Kingdom,LYX
United Kingdom,MSE
United Kingdom,CAX
United Kingdom,BLK
United Kingdom,HUY
United Kingdom,BWF
United Kingdom,LBA
United Kingdom,WRT
United Kingdom,CEG
Isle of Man,IOM
United Kingdom,NCL
United Kingdom,MME
United Kingdom,EMA
United Kingdom,KOI
United Kingdom,LSI
United Kingdom,WIC
United Kingdom,ABZ
United Kingdom,INV
United Kingdom,GLA
United Kingdom,EDI
United Kingdom,ILY
United Kingdom,PIK
United Kingdom,BEB
United Kingdom,SCS
United Kingdom,DND
United Kingdom,SYY
United Kingdom,TRE
United Kingdom,ADX
United Kingdom,LMO
United Kingdom,CBG
United Kingdom,NWI
United Kingdom,STN
United Kingdom,EXT
United Kingdom,FZO
United Kingdom,OXF
United Kingdom,BEX
United Kingdom,LKZ
United Kingdom,MHZ
United Kingdom,QUY
United Kingdom,FFD
United Kingdom,BZZ
United Kingdom,ODH
United Kingdom,NHT
United Kingdom,QCY
United Kingdom,BEQ
United Kingdom,SQZ
United Kingdom,HRT
United Kingdom,WTN
United Kingdom,KNF
Falkland Islands,MPN
Netherlands,AMS
Netherlands,MST
Netherlands,EIN
Netherlands,GRQ
Netherlands,GLZ
Netherlands,DHR
Netherlands,LEY
Netherlands,LWR
Netherlands,RTM
Netherlands,UTC
Netherlands,ENS
Netherlands,LID
Netherlands,WOE
Ireland,ORK
Ireland,GWY
Ireland,DUB
Ireland,NOC
Ireland,KIR
Ireland,SNN
Ireland,SXL
Ireland,WAT
Denmark,AAR
Denmark,BLL
Denmark,CPH
Denmark,EBJ
Denmark,KRP
Denmark,BYR
Denmark,MRW
Denmark,ODE
Denmark,RKE
Denmark,RNN
Denmark,SGD
Denmark,SKS
Denmark,SQW
Denmark,TED
Faroe Islands,FAE
Denmark,STA
Denmark,AAL
Luxembourg,LUX
Norway,AES
Norway,ANX
Norway,ALF
Norway,BNN
Norway,BOO
Norway,BGO
Norway,BJF
Norway,KRS
Norway,DLD
Norway,BDU
Norway,EVE
Norway,VDB
Norway,FRO
Norway,OSL
Norway,HAU
Norway,HAA
Norway,KSU
Norway,KKN
Norway,FAN
Norway,MOL
Norway,MJF
Norway,LKL
Norway,NTB
Norway,OLA
Norway,RRS
Norway,RYG
Norway,LYR
Norway,SKE
Norway,SRP
Norway,SSJ
Norway,TOS
Norway,TRF
Norway,TRD
Norway,SVG
Poland,GDN
Poland,KRK
Poland,KTW
Poland,POZ
Poland,RZE
Poland,SZZ
Poland,OSP
Poland,WAW
Poland,WRO
Poland,IEG
Sweden,RNB
Sweden,GOT
Sweden,JKG
Sweden,LDK
Sweden,GSE
Sweden,KVB
Sweden,THN
Sweden,KSK
Sweden,MXX
Sweden,NYO
Sweden,KID
Sweden,OSK
Sweden,KLR
Sweden,MMX
Sweden,HAD
Sweden,VXO
Sweden,EVG
Sweden,GEV
Sweden,HUV
Sweden,KRF
Sweden,LYC
Sweden,SDL
Sweden,OER
Sweden,KRN
Sweden,SFT
Sweden,UME
Sweden,VHM
Sweden,AJR
Sweden,ORB
Sweden,VST
Sweden,LLA
Sweden,ARN
Sweden,BMA
Sweden,BLE
Sweden,HLF
Sweden,GVX
Sweden,LPI
Sweden,NRK
Sweden,EKT
Sweden,VBY
Germany,SPM
Germany,RMS
Germany,GHF
Germany,ZCN
Germany,FRZ
Germany,ZNF
Germany,KZG
Germany,FCN
Germany,GKE
Germany,RLG
Germany,WBG
Germany,WIE
Germany,FEL
Germany,IGS
Germany,GUT
South Africa,ALJ
South Africa,AGZ
South Africa,BIY
South Africa,BFN
South Africa,CPT
South Africa,DUR
South Africa,ELS
South Africa,FCB
South Africa,GCJ
South Africa,GRJ
South Africa,HRS
South Africa,HDS
South Africa,JNB
South Africa,KXE
South Africa,KIM
South Africa,KMH
South Africa,KLZ
South Africa,HLA
South Africa,SDB
South Africa,LAY
South Africa,MGH
South Africa,LLE
South Africa,MZQ
South Africa,NCS
South Africa,OVG
South Africa,OUH
South Africa,PLZ
South Africa,PBZ
South Africa,PHW
South Africa,JOH
South Africa,PZB
South Africa,NTY
South Africa,PTG
South Africa,PCF
South Africa,UTW
South Africa,RCB
South Africa,ROD
South Africa,SBU
South Africa,ZEC
South Africa,SIS
South Africa,SZK
South Africa,LTA
South Africa,ULD
South Africa,UTN
South Africa,UTT
South Africa,VRU
South Africa,VIR
South Africa,VRE
South Africa,PRY
South Africa,WKF
Botswana,FRW
Botswana,JWA
Botswana,BBK
Botswana,MUB
Botswana,GBE
Botswana,PKW
Congo (Brazzaville),BZV
Congo (Kinshasa),FTX
Congo (Kinshasa),OUE
Congo (Brazzaville),PNR
Swaziland,MTS
Central African Republic,BGF
Central African Republic,BBT
Equatorial Guinea,BSG
Equatorial Guinea,SSG
Saint Helena,ASI
Mauritius,MRU
Mauritius,RRG
British Indian Ocean Territory,NKW
Cameroon,TKC
Cameroon,DLA
Cameroon,MVR
Cameroon,FOM
Cameroon,NGE
Cameroon,GOU
Cameroon,BFX
Cameroon,BPC
Cameroon,YAO
Zambia,CGJ
Zambia,LVI
Zambia,LUN
Zambia,MFU
Zambia,MNR
Zambia,NLA
Zambia,KIW
Comoros,HAH
Comoros,NWA
Comoros,AJN
Mayotte,DZA
Reunion,RUN
Reunion,ZSE
Madagascar,TNR
Madagascar,ZVA
Madagascar,SMS
Madagascar,TMM
Madagascar,MOQ
Madagascar,DIE
Madagascar,WMR
Madagascar,ZWA
Madagascar,AMB
Madagascar,ANM
Madagascar,HVA
Madagascar,MJN
Madagascar,NOS
Madagascar,BPY
Madagascar,WMN
Madagascar,SVB
Madagascar,VOH
Madagascar,WAI
Madagascar,IVA
Madagascar,FTU
Madagascar,WFI
Madagascar,RVA
Madagascar,WVK
Madagascar,MNJ
Madagascar,MXM
Madagascar,TLE
Angola,SSY
Angola,BUG
Angola,CAB
Angola,NOV
Angola,SVP
Angola,LAD
Angola,MEG
Angola,SPP
Angola,GXG
Angola,PBN
Angola,VHC
Angola,SZA
Angola,SDD
Angola,LUO
Angola,UGO
Angola,XGN
Gabon,OYE
Gabon,OKN
Gabon,LBQ
Gabon,BMM
Gabon,POG
Gabon,OMB
Gabon,MKU
Gabon,LBV
Gabon,MVB
Sao Tome and Principe,PCP
Sao Tome and Principe,TMS
Mozambique,BEW
Mozambique,INH
Mozambique,VXC
Mozambique,LFB
Mozambique,MPM
Mozambique,MUD
Mozambique,MZB
Mozambique,MNC
Mozambique,APL
Mozambique,POL
Mozambique,UEL
Mozambique,TET
Mozambique,VNX
Seychelles,DES
Seychelles,SEZ
Seychelles,PRI
Chad,AEH
Chad,MQQ
Chad,NDJ
Chad,FYT
Zimbabwe,BUQ
Zimbabwe,BFO
Zimbabwe,VFA
Zimbabwe,HRE
Zimbabwe,KAB
Zimbabwe,UTA
Zimbabwe,MVZ
Zimbabwe,GWE
Zimbabwe,HWN
Malawi,BLZ
Malawi,KGJ
Malawi,KBQ
Malawi,LLW
Malawi,ZZU
Lesotho,MSU
Congo (Kinshasa),FIH
Congo (Kinshasa),NLO
Congo (Kinshasa),MNB
Congo (Kinshasa),FDU
Congo (Kinshasa),KKW
Congo (Kinshasa),MDK
Congo (Kinshasa),BDT
Congo (Kinshasa),GMA
Congo (Kinshasa),KLI
Congo (Kinshasa),LIQ
Congo (Kinshasa),FKI
Congo (Kinshasa),IRP
Congo (Kinshasa),BUX
Congo (Kinshasa),BZU
Congo (Kinshasa),BKY
Congo (Kinshasa),GOM
Congo (Kinshasa),KND
Congo (Kinshasa),FBM
Congo (Kinshasa),KWZ
Congo (Kinshasa),FMI
Congo (Kinshasa),KMN
Congo (Kinshasa),KGA
Congo (Kinshasa),MJM
Mali,BKO
Mali,GAQ
Mali,KYS
Mali,MZI
Mali,TOM
Gambia,BJL
Spain,FUE
Spain,VDE
Spain,SPC
Spain,LPA
Spain,ACE
Spain,TFS
Spain,TFN
Spain,MLN
Sierra Leone,FNA
Liberia,MLW
Liberia,ROB
Morocco,AGA
Morocco,TTA
Morocco,FEZ
Morocco,ERH
Morocco,MEK
Morocco,OUD
Morocco,GMD
Morocco,RBA
Morocco,CMN
Morocco,RAK
Morocco,NNA
Morocco,OZZ
Morocco,AHU
Morocco,TTU
Morocco,TNG
Senegal,ZIG
Senegal,CSK
Senegal,KLC
Senegal,DKR
Senegal,XLS
Senegal,BXE
Senegal,KGG
Senegal,TUD
Mauritania,AEO
Mauritania,TIY
Mauritania,KFA
Mauritania,EMN
Mauritania,KED
Mauritania,NKC
Mauritania,SEY
Mauritania,ATR
Mauritania,NDB
Guinea,FIG
Guinea,FAA
Guinea,LEK
Cape Verde,SID
Cape Verde,BVC
Cape Verde,MMO
Cape Verde,SNE
Cape Verde,VXE
Ethiopia,ADD
Ethiopia,AMH
Ethiopia,AXU
Ethiopia,BJR
Ethiopia,DIR
Ethiopia,GMB
Ethiopia,GDQ
Ethiopia,JIM
Ethiopia,LLI
Ethiopia,MQX
Ethiopia,ASO
Burundi,BJM
Somalia,HGA
Somalia,BBO
Somalia,KMU
Egypt,ALY
Egypt,ABS
Egypt,CAI
Egypt,CWE
Egypt,HRG
Egypt,EGH
Egypt,LXR
Egypt,MUH
Egypt,PSD
Egypt,SKV
Egypt,ASW
Egypt,ELT
Kenya,EDL
Kenya,GGM
Kenya,KIS
Kenya,KTL
Kenya,LOK
Kenya,LAU
Kenya,MBA
Kenya,WIL
Kenya,WJR
Libya,GHT
Libya,AKF
Libya,BEN
Libya,SEB
Libya,TIP
Libya,LMQ
Libya,HUQ
Libya,LTD
Rwanda,GYI
Rwanda,KGL
Rwanda,KME
Sudan,DOG
Sudan,RSS
Sudan,ELF
Sudan,KSL
Sudan,KDX
Sudan,EBD
South Sudan,JUB
Sudan,MAK
Sudan,KRT
Tanzania,ARK
Tanzania,DAR
Tanzania,DOD
Tanzania,IRI
Tanzania,JRO
Tanzania,LKY
Tanzania,MYW
Tanzania,MWZ
Tanzania,PMA
Tanzania,TGT
Tanzania,ZNZ
Uganda,EBB
Uganda,SRT
Albania,TIA
Bulgaria,BOJ
Bulgaria,GOZ
Bulgaria,PDV
Bulgaria,SOF
Bulgaria,SZR
Bulgaria,VAR
Cyprus,LCA
Cyprus,PFO
Cyprus,AKT
Croatia,DBV
Croatia,OSI
Croatia,PUY
Croatia,RJK
Croatia,SPU
Croatia,ZAG
Croatia,ZAD
Spain,ABC
Spain,ALC
Spain,LEI
Spain,OVD
Spain,ODB
Spain,BIO
Spain,BCN
Spain,BJZ
Spain,LCG
Spain,GRO
Spain,GRX
Spain,IBZ
Spain,XRY
Spain,MJV
Spain,MAD
Spain,AGP
Spain,MAH
Spain,OZP
Spain,PNA
Spain,REU
Spain,ROZ
Spain,SLM
Spain,EAS
Spain,SCQ
Spain,LEU
Spain,TOJ
Spain,VLC
Spain,VLL
Spain,VIT
Spain,VGO
Spain,SDR
Spain,ZAZ
Spain,SVQ
France,CQF
France,BYF
France,LTQ
France,XVS
France,AGF
France,BOD
France,EGC
France,CNG
France,PIS
France,MCU
France,LIG
France,NIT
France,TLS
France,PUF
France,LDE
France,ANG
France,BVE
France,PGX
France,BIQ
France,ZAO
France,LBI
France,DCM
France,RDZ
France,RYN
France,XMW
France,RCO
France,CMR
France,DLE
France,OBS
France,LPY
France,ETZ
France,BIA
France,CLY
France,FSC
France,AJA
France,PRP
France,SOZ
France,AUF
France,CMF
France,CFE
France,BOU
France,QNJ
France,LYS
France,SYT
France,RNE
France,NCY
France,GNB
France,VAF
France,VHY
France,AUR
France,CHR
France,LYN
France,CEQ
France,EBU
France,CCF
France,MRS
France,NCE
France,XOG
France,PGF
France,CTT
France,MPL
France,BZR
France,AVN
France,MEN
France,BVA
France,EVX
France,LEH
France,XAB
France,ORE
France,XCR
France,URO
France,TUF
France,CET
France,LVA
France,LBG
France,CSF
France,CDG
France,TNF
France,ORY
France,POX
France,VIY
France,NVS
France,XME
France,LIL
France,HZB
France,XCZ
France,BES
France,CER
France,DNR
France,LBY
France,GFR
France,DOL
France,LRT
France,EDM
France,LDV
France,CFR
France,LME
France,RNS
France,LAI
France,UIP
France,NTE
France,SBK
France,MXN
France,VNE
France,SNR
France,BSL
France,DIJ
France,MZM
France,EPL
France,ENC
France,RHE
France,SXB
France,TLN
France,FNI
Saint Pierre and Miquelon,MQC
Saint Pierre and Miquelon,FSP
Greece,PYR
Greece,AGQ
Greece,AXD
Greece,VOL
Greece,JKH
Greece,IOA
Greece,HER
Greece,KSO
Greece,KIT
Greece,EFL
Greece,KLX
Greece,KGS
Greece,AOK
Greece,CFU
Greece,KSJ
Greece,KVA
Greece,KZI
Greece,LRS
Greece,LXS
Greece,LRA
Greece,JMK
Greece,MJT
Greece,PVK
Greece,RHO
Greece,GPA
Greece,CHQ
Greece,JSI
Greece,SMI
Greece,SPJ
Greece,JTR
Greece,JSH
Greece,SKU
Greece,SKG
Greece,ZTH
Hungary,BUD
Hungary,DEB
Italy,CRV
Italy,BRI
Italy,FOG
Italy,TAR
Italy,LCC
Italy,PSR
Italy,BDS
Italy,SUF
Italy,CTA
Italy,LMP
Italy,PNL
Italy,PMO
Italy,REG
Italy,TPS
Italy,NSY
Italy,AHO
Italy,DCI
Italy,CAG
Italy,OLB
Italy,TTB
Italy,MXP
Italy,BGY
Italy,TRN
Italy,ALL
Italy,GOA
Italy,LIN
Italy,PMF
Italy,CUF
Italy,AVB
Italy,BZO
Italy,BLQ
Italy,TSF
Italy,FRL
Italy,VBS
Italy,TRS
Italy,RMI
Italy,VIC
Italy,QPA
Italy,VRN
Italy,VCE
Italy,SAY
Italy,CIA
Italy,FCO
Italy,EBA
Italy,QLT
Italy,NAP
Italy,PSA
Italy,FLR
Italy,GRS
Italy,PEG
Slovenia,LJU
Slovenia,MBX
Slovenia,POW
Czech Republic,UHE
Czech Republic,KLV
Czech Republic,OSR
Czech Republic,PED
Czech Republic,PRV
Czech Republic,PRG
Czech Republic,BRQ
Czech Republic,VOD
Israel,TLV
Israel,BEV
Israel,ETH
Israel,EIY
Israel,HFA
Israel,RPN
Israel,MTZ
Israel,VTM
Israel,VDA
Israel,MIP
Israel,SDV
Malta,MLA
Austria,GRZ
Austria,INN
Austria,LNZ
Austria,SZG
Austria,VIE
Portugal,AVR
Portugal,SMA
Portugal,BGC
Portugal,BYJ
Portugal,BGZ
Portugal,CAT
Portugal,FLW
Portugal,FAO
Portugal,GRW
Portugal,HOR
Portugal,TER
Portugal,QLR
Portugal,PDL
Portugal,PIX
Portugal,PRM
Portugal,OPO
Portugal,PXO
Portugal,LIS
Portugal,SJZ
Portugal,VRL
Portugal,VSE
Bosnia and Herzegovina,OMO
Bosnia and Herzegovina,SJJ
Romania,ARW
Romania,BCM
Romania,BAY
Romania,BBU
Romania,CND
Romania,CLJ
Romania,CSB
Romania,CRA
Romania,IAS
Romania,OMR
Romania,OTP
Romania,SBZ
Romania,SUJ
Romania,SCV
Romania,TCE
Romania,TGM
Romania,TSR
Switzerland,GVA
Switzerland,SIR
Switzerland,EML
Switzerland,LUG
Switzerland,BRN
Switzerland,ZHI
Switzerland,ZRH
Switzerland,ACH
Switzerland,SMV
Turkey,ESB
Turkey,ANK
Turkey,ADA
Turkey,UAB
Turkey,AFY
Turkey,AYT
Turkey,GZT
Turkey,KYA
Turkey,MZH
Turkey,VAS
Turkey,MLX
Turkey,ASR
Turkey,TJK
Turkey,DNZ
Turkey,ISL
Turkey,BZI
Turkey,BDM
Turkey,ESK
Turkey,ADB
Turkey,IGL
Turkey,KCO
Turkey,DLM
Turkey,BXN
Turkey,EZS
Turkey,DIY
Turkey,ERC
Turkey,ERZ
Turkey,TZX
Turkey,VAN
Turkey,BAL
Turkey,SXZ
Moldova,BZY
Moldova,KIV
Macedonia,OHD
Macedonia,SKP
Gibraltar,GIB
Serbia,BEG
Serbia,INI
Montenegro,TGD
Serbia,PRN
Montenegro,TIV
Slovakia,BTS
Slovakia,KSC
Slovakia,PZY
Slovakia,SLD
Slovakia,TAT
Turks and Caicos Islands,NCA
Turks and Caicos Islands,PLS
Turks and Caicos Islands,XSC
Dominican Republic,BRX
Dominican Republic,CBJ
Dominican Republic,LRM
Dominican Republic,PUJ
Dominican Republic,POP
Dominican Republic,SDQ
Dominican Republic,STI
Guatemala,CBV
Guatemala,GUA
Guatemala,RER
Guatemala,GSJ
Honduras,LCE
Honduras,SAP
Honduras,GJA
Honduras,RTB
Honduras,TEA
Honduras,TGU
Honduras,TJI
Jamaica,OCJ
Jamaica,KIN
Jamaica,MBJ
Jamaica,POT
Jamaica,KTP
Mexico,ACA
Mexico,NTR
Mexico,AGU
Mexico,HUX
Mexico,CVJ
Mexico,ACN
Mexico,CME
Mexico,NCG
Mexico,CUL
Mexico,CTM
Mexico,CEN
Mexico,CPE
Mexico,CJS
Mexico,CUU
Mexico,CVM
Mexico,CZM
Mexico,DGO
Mexico,TPQ
Mexico,ESE
Mexico,GDL
Mexico,GYM
Mexico,TCN
Mexico,HMO
Mexico,CLQ
Mexico,ISJ
Mexico,SLW
Mexico,IZT
Mexico,LZC
Mexico,LMM
Mexico,BJX
Mexico,LAP
Mexico,LTO
Mexico,MAM
Mexico,MID
Mexico,MXL
Mexico,MLM
Mexico,MTT
Mexico,LOV
Mexico,MEX
Mexico,MTY
Mexico,MZT
Mexico,NOG
Mexico,NLD
Mexico,OAX
Mexico,PAZ
Mexico,PBC
Mexico,PPE
Mexico,PDS
Mexico,UPN
Mexico,PVR
Mexico,PXM
Mexico,QRO
Mexico,REX
Mexico,SJD
Mexico,SFH
Mexico,SLP
Mexico,TRC
Mexico,TGZ
Mexico,TIJ
Mexico,TAM
Mexico,TSL
Mexico,TLC
Mexico,TAP
Mexico,CUN
Mexico,VSA
Mexico,VER
Mexico,ZCL
Mexico,ZIH
Mexico,ZMM
Mexico,ZLO
Nicaragua,BEF
Nicaragua,MGA
Nicaragua,PUZ
Panama,BOC
Panama,CHX
Panama,DAV
Panama,BLB
Panama,PAC
Panama,SYP
Panama,PTY
Costa Rica,BAI
Costa Rica,OTR
Costa Rica,JAP
Costa Rica,GLF
Costa Rica,GPL
Costa Rica,LIR
Costa Rica,LSL
Costa Rica,LIO
Costa Rica,NOB
Costa Rica,SJO
Costa Rica,PMZ
Costa Rica,XQP
Costa Rica,TOO
El Salvador,SAL
Haiti,CYA
Haiti,CAP
Haiti,JAK
Haiti,PAP
Cuba,BCA
Cuba,BYM
Cuba,AVI
Cuba,CCC
Cuba,CFG
Cuba,CYO
Cuba,CMW
Cuba,SCU
Cuba,NBW
Cuba,GAO
Cuba,HAV
Cuba,HOG
Cuba,LCL
Cuba,MOA
Cuba,MZO
Cuba,GER
Cuba,UPB
Cuba,QPD
Cuba,SNU
Cuba,SZJ
Cuba,USS
Cuba,VRA
Cuba,VTU
Cayman Islands,CYB
Cayman Islands,GCM
Bahamas,MAY
Bahamas,ASD
Bahamas,MHH
Bahamas,SAQ
Bahamas,AXP
Bahamas,TCB
Bahamas,CCZ
Bahamas,GHC
Bahamas,BIM
Bahamas,GGT
Bahamas,ELH
Bahamas,GHB
Bahamas,NMC
Bahamas,RSD
Bahamas,TYM
Bahamas,FPO
Bahamas,IGA
Bahamas,LGI
Bahamas,SML
Bahamas,MYG
Bahamas,NAS
Bahamas,DCT
Bahamas,RCY
Bahamas,ZSA
Belize,BZE
Cook Islands,AIT
Cook Islands,RAR
Fiji,NAN
Fiji,SUV
Tonga,TBU
Tonga,VAV
Kiribati,TRW
Kiribati,TBF
Wallis and Futuna,WLS
Samoa,APW
American Samoa,PPG
French Polynesia,RUR
French Polynesia,TUB
French Polynesia,AAA
French Polynesia,FGU
French Polynesia,TIH
French Polynesia,REA
French Polynesia,FAV
French Polynesia,XMH
French Polynesia,GMR
French Polynesia,KKR
French Polynesia,MKP
French Polynesia,PKP
French Polynesia,TKP
French Polynesia,AXR
French Polynesia,MVT
French Polynesia,TKX
French Polynesia,NHV
French Polynesia,BOB
French Polynesia,RGI
French Polynesia,HUH
French Polynesia,MOZ
French Polynesia,HOI
French Polynesia,MAU
French Polynesia,RFP
Vanuatu,VLI
New Caledonia,KNQ
New Caledonia,KOC
New Caledonia,LIF
New Caledonia,GEA
New Caledonia,MEE
New Caledonia,TOU
New Caledonia,UVE
New Caledonia,NOU
New Zealand,AKL
New Zealand,TUO
New Zealand,AMZ
New Zealand,CHC
New Zealand,CHT
New Zealand,DUD
New Zealand,GIS
New Zealand,GTN
New Zealand,HKK
New Zealand,HLZ
New Zealand,KKE
New Zealand,KAT
New Zealand,ALR
New Zealand,MON
New Zealand,TEU
New Zealand,MRO
New Zealand,NPL
New Zealand,NSN
New Zealand,IVC
New Zealand,OHA
New Zealand,OAM
New Zealand,PMR
New Zealand,PPQ
New Zealand,ZQN
New Zealand,ROT
New Zealand,TRG
New Zealand,TIU
New Zealand,TWZ
New Zealand,BHE
New Zealand,WKA
New Zealand,WHK
New Zealand,WLG
New Zealand,WIR
New Zealand,WRE
New Zealand,WSZ
New Zealand,WAG
Afghanistan,HEA
Afghanistan,JAA
Afghanistan,KBL
Afghanistan,KDH
Afghanistan,MMZ
Afghanistan,MZR
Afghanistan,OAH
Afghanistan,UND
Bahrain,BAH
Saudi Arabia,AHB
Saudi Arabia,HOF
Saudi Arabia,ABT
Saudi Arabia,BHH
Saudi Arabia,DMM
Saudi Arabia,DHA
Saudi Arabia,GIZ
Saudi Arabia,ELQ
Saudi Arabia,URY
Saudi Arabia,HAS
Saudi Arabia,QJB
Saudi Arabia,JED
Saudi Arabia,KMC
Saudi Arabia,MED
Saudi Arabia,EAM
Saudi Arabia,AQI
Saudi Arabia,RAH
Saudi Arabia,RUH
Saudi Arabia,RAE
Saudi Arabia,SHW
Saudi Arabia,SLF
Saudi Arabia,TUU
Saudi Arabia,TIF
Saudi Arabia,TUI
Saudi Arabia,EJH
Saudi Arabia,YNB
Iran,ABD
Iran,DEF
Iran,AKW
Iran,GCH
Iran,OMI
Iran,MRX
Iran,AWZ
Iran,AEU
Iran,BUZ
Iran,KIH
Iran,BDH
Iran,KHK
Iran,SXI
Iran,LVP
Iran,KSH
Iran,SDG
Iran,IFH
Iran,KKS
Iran,IFN
Iran,RAS
Iran,AJK
Iran,THR
Iran,GZW
Iran,BND
Iran,JYR
Iran,KER
Iran,HDR
Iran,SYJ
Iran,XBJ
Iran,CKT
Iran,RUD
Iran,TCX
Iran,KLM
Iran,RZR
Iran,FAZ
Iran,JAR
Iran,LFM
Iran,SYZ
Iran,KHY
Iran,TBZ
Iran,JWN
Iran,AZD
Iran,ACZ
Iran,ZBR
Iran,ZAH
Iran,IHR
Jordan,AMM
Jordan,ADJ
Jordan,AQJ
Jordan,OMF
Kuwait,KWI
Lebanon,BEY
Lebanon,KYE
United Arab Emirates,AUH
United Arab Emirates,AZI
United Arab Emirates,DHF
United Arab Emirates,DXB
United Arab Emirates,FJR
United Arab Emirates,RKT
United Arab Emirates,SHJ
Oman,KHS
Oman,MSH
Oman,MCT
Oman,SLL
Oman,TTH
Pakistan,BHW
Pakistan,LYP
Pakistan,GWD
Pakistan,GIL
Pakistan,JAG
Pakistan,KHI
Pakistan,LHE
Pakistan,XJM
Pakistan,MFG
Pakistan,MWD
Pakistan,MJD
Pakistan,MUX
Pakistan,WNS
Pakistan,PJG
Pakistan,PSI
Pakistan,PEW
Pakistan,UET
Pakistan,RYK
Pakistan,RAZ
Pakistan,SKZ
Pakistan,SDT
Pakistan,SUL
Pakistan,BDN
Pakistan,WAF
Pakistan,PZH
Iraq,BSR
Syria,ALP
Syria,DAM
Syria,DEZ
Syria,LTK
Syria,PMS
Qatar,DIA
Kiribati,CIS
Northern Mariana Islands,ROP
Northern Mariana Islands,SPN
Guam,UAM
Guam,GUM
Northern Mariana Islands,TIQ
Marshall Islands,MAJ
Marshall Islands,KWA
Kiribati,CXI
Midway Islands,MDY
Micronesia,TKK
Micronesia,PNI
Palau,ROR
Micronesia,KSA
Micronesia,YAP
Taiwan,KNH
Taiwan,TTT
Taiwan,GNI
Taiwan,KHH
Taiwan,CYI
Taiwan,KYD
Taiwan,RMQ
Taiwan,TNN
Taiwan,HSZ
Taiwan,MZG
Taiwan,PIF
Taiwan,TSA
Taiwan,TPE
Taiwan,WOT
Taiwan,HUN
Japan,NRT
Japan,MMJ
Japan,IBR
Japan,MUS
Japan,IWO
Japan,SHM
Japan,OBO
Japan,CTS
Japan,HKD
Japan,MMB
Japan,SHB
Japan,WKJ
Japan,IKI
Japan,UBJ
Japan,TSJ
Japan,MBE
Japan,AKJ
Japan,OIR
Japan,RIS
Japan,KUM
Japan,FUJ
Japan,FUK
Japan,TNE
Japan,KOJ
Japan,KMI
Japan,OIT
Japan,KKJ
Japan,KMJ
Japan,NGS
Japan,ASJ
Japan,OKE
Japan,TKN
Japan,FKJ
Japan,QGU
Japan,KMQ
Japan,OKI
Japan,TOY
Japan,HIJ
Japan,OKJ
Japan,IZO
Japan,YGJ
Japan,KCZ
Japan,MYJ
Japan,ITM
Japan,TTJ
Japan,TKS
Japan,TAK
Japan,AOJ
Japan,GAJ
Japan,SDS
Japan,HHE
Japan,HNA
Japan,AXT
Japan,MSJ
Japan,SDJ
Japan,NJA
Japan,HAC
Japan,OIM
Japan,HND
Japan,OKO
South Korea,KWJ
South Korea,CHN
South Korea,RSU
South Korea,KAG
South Korea,CJU
South Korea,CHF
South Korea,PUS
South Korea,USN
South Korea,SSN
South Korea,OSN
South Korea,GMP
South Korea,SWU
South Korea,KPO
South Korea,TAE
South Korea,YEC
Japan,OKA
Japan,DNA
Japan,ISG
Japan,UEO
Japan,MMD
Japan,MMY
Japan,KTD
Japan,SHI
Japan,TRA
Japan,RNJ
Japan,OGN
Philippines,MNL
Philippines,CBO
Philippines,PAG
Philippines,GES
Philippines,ZAM
Philippines,BAG
Philippines,DTE
Philippines,SJI
Philippines,MBO
Philippines,BQA
Philippines,TAC
Philippines,BCD
Philippines,DGT
Philippines,MPH
Philippines,ILO
Philippines,KLO
Philippines,PPS
Philippines,EUQ
Argentina,COC
Argentina,GHU
Argentina,JNI
Argentina,PRA
Argentina,ROS
Argentina,SFN
Argentina,AEP
Argentina,COR
Argentina,FDO
Argentina,LPG
Argentina,EPA
Argentina,HOS
Argentina,GNR
Argentina,MDZ
Argentina,LGS
Argentina,AFA
Argentina,CTC
Argentina,SDE
Argentina,IRJ
Argentina,TUC
Argentina,UAQ
Argentina,RCU
Argentina,VDR
Argentina,VME
Argentina,LUQ
Argentina,CNQ
Argentina,RES
Argentina,FMA
Argentina,IGR
Argentina,AOL
Argentina,MCS
Argentina,PSS
Argentina,PRQ
Argentina,SLA
Argentina,JUJ
Argentina,ORA
Argentina,ELO
Argentina,OYA
Argentina,RCQ
Argentina,UZU
Argentina,EHL
Argentina,CRD
Argentina,EQS
Argentina,REL
Argentina,VDM
Argentina,PMY
Argentina,PUD
Argentina,RGA
Argentina,RGL
Argentina,USH
Argentina,ULA
Argentina,PMQ
Argentina,RZA
Argentina,BHI
Argentina,CSZ
Argentina,OVR
Argentina,GPO
Argentina,OYO
Argentina,MDQ
Argentina,NQN
Argentina,PEH
Argentina,RSA
Argentina,BRC
Argentina,TDL
Argentina,VLG
Argentina,CUT
Argentina,CPC
Brazil,CDJ
Brazil,AQA
Brazil,AJU
Brazil,AFL
Brazil,ARU
Brazil,BEL
Brazil,BGX
Brazil,PLU
Brazil,BFH
Brazil,BSB
Brazil,BAU
Brazil,BVB
Brazil,BPG
Brazil,CAC
Brazil,CNF
Brazil,CGR
Brazil,XAP
Brazil,CLN
Brazil,CCM
Brazil,CAW
Brazil,CMG
Brazil,CWB
Brazil,CRQ
Brazil,CXJ
Brazil,CGB
Brazil,CZS
Brazil,PPB
Brazil,MAO
Brazil,JCR
Brazil,IGU
Brazil,FLN
Brazil,FEN
Brazil,FOR
Brazil,GIG
Brazil,GJM
Brazil,GYN
Brazil,GRU
Brazil,GUJ
Brazil,ATM
Brazil,ITA
Brazil,ITB
Brazil,IOS
Brazil,IPN
Brazil,ITR
Brazil,IMP
Brazil,JDF
Brazil,JPA
Brazil,JOI
Brazil,CPV
Brazil,VCP
Brazil,LAJ
Brazil,LIP
Brazil,LDB
Brazil,LAZ
Brazil,MAB
Brazil,MEU
Brazil,MGF
Brazil,MOC
Brazil,PLL
Brazil,MCZ
Brazil,MCP
Brazil,MVF
Brazil,MNX
Brazil,NVT
Brazil,GEL
Brazil,NAT
Brazil,OYK
Brazil,POA
Brazil,PHB
Brazil,POO
Brazil,PFB
Brazil,PET
Brazil,PNZ
Brazil,PNB
Brazil,PMG
Brazil,PVH
Brazil,RBR
Brazil,REC
Brazil,SDU
Brazil,RAO
Brazil,SNZ
Brazil,SJK
Brazil,SLZ
Brazil,CGH
Brazil,SJP
Brazil,SSZ
Brazil,SSA
Brazil,TMT
Brazil,THE
Brazil,TFF
Brazil,TRQ
Brazil,TEC
Brazil,TBT
Brazil,TUR
Brazil,SJL
Brazil,PAV
Brazil,URG
Brazil,UDI
Brazil,UBA
Brazil,VAG
Brazil,BVH
Brazil,VIX
Brazil,QPS
Chile,ARI
Chile,BBA
Chile,CCH
Chile,CJC
Chile,YAI
Chile,PUQ
Chile,GXQ
Chile,IQQ
Chile,SCL
Chile,ANF
Chile,WPR
Chile,FFU
Chile,LSQ
Chile,WPU
Chile,CCP
Chile,IPC
Chile,ZOS
Chile,VLR
Chile,QRC
Antarctica,TNM
Chile,LSC
Chile,PZS
Chile,PMC
Chile,WCH
Chile,ZAL
Ecuador,ATF
Ecuador,OCC
Ecuador,CUE
Ecuador,GPS
Ecuador,GYE
Ecuador,LTX
Ecuador,MRR
Ecuador,XMS
Ecuador,MCH
Ecuador,MEC
Ecuador,PVO
Ecuador,UIO
Ecuador,ETR
Ecuador,SNC
Ecuador,TPC
Ecuador,TUA
Paraguay,ASU
Paraguay,AYO
Paraguay,CIO
Paraguay,ESG
Paraguay,PIL
Colombia,AXM
Colombia,PUU
Colombia,ELB
Colombia,BGA
Colombia,BOG
Colombia,BAQ
Colombia,BSC
Colombia,BUN
Colombia,CUC
Colombia,CTG
Colombia,CLO
Colombia,TCO
Colombia,CZU
Colombia,EJA
Colombia,FLA
Colombia,GIR
Colombia,GPI
Colombia,IBE
Colombia,IPI
Colombia,APO
Colombia,MCJ
Colombia,LET
Colombia,EOH
Colombia,MGN
Colombia,MTR
Colombia,MVP
Colombia,MZL
Colombia,NVA
Colombia,OCV
Colombia,OTU
Colombia,PCR
Colombia,PEI
Colombia,PTX
Colombia,PPN
Colombia,PSO
Colombia,PVA
Colombia,MQU
Colombia,MDE
Colombia,RCH
Colombia,SJE
Colombia,SMR
Colombia,ADZ
Colombia,SVI
Colombia,TME
Colombia,AUC
Colombia,UIB
Colombia,ULQ
Colombia,VUP
Colombia,VVC
Bolivia,BJO
Bolivia,CBB
Bolivia,CCA
Bolivia,CIJ
Bolivia,LPB
Bolivia,ORU
Bolivia,POI
Bolivia,PSZ
Bolivia,SBL
Bolivia,SRE
Bolivia,TJA
Bolivia,TDD
Bolivia,VLM
Bolivia,VVI
Bolivia,BYC
Suriname,PBM
French Guiana,CAY
French Guiana,OYP
Peru,AOP
Peru,IBP
Peru,PCL
Peru,CHM
Peru,CIX
Peru,AYP
Peru,ANS
Peru,ATA
Peru,LIM
Peru,JJI
Peru,JAU
Peru,JUL
Peru,ILQ
Peru,TBP
Peru,YMS
Peru,CHH
Peru,IQT
Peru,AQP
Peru,TRU
Peru,PIO
Peru,TPP
Peru,TCQ
Peru,PEM
Peru,PIU
Peru,TYL
Peru,CUZ
Uruguay,DZO
Uruguay,MVD
Uruguay,STY
Venezuela,AGV
Venezuela,AAO
Venezuela,BLA
Venezuela,BNS
Venezuela,BRM
Venezuela,CBL
Venezuela,CXA
Venezuela,CLZ
Venezuela,CAJ
Venezuela,VCR
Venezuela,CUP
Venezuela,CZE
Venezuela,CUM
Venezuela,EOR
Venezuela,EOZ
Venezuela,GDO
Venezuela,GUI
Venezuela,GUQ
Venezuela,HGE
Venezuela,ICC
Venezuela,LSP
Venezuela,LFR
Venezuela,MAR
Venezuela,MRD
Venezuela,PMV
Venezuela,CCS
Venezuela,MUN
Venezuela,PYH
Venezuela,PBL
Venezuela,SCI
Venezuela,PZO
Venezuela,PTM
Venezuela,SVZ
Venezuela,SBB
Venezuela,SNV
Venezuela,STD
Venezuela,SNF
Venezuela,SFD
Venezuela,SOM
Venezuela,STB
Venezuela,TUV
Venezuela,TMO
Venezuela,VLN
Venezuela,VLV
Venezuela,VDP
Guyana,LTM
Antigua and Barbuda,ANU
Barbados,BGI
Dominica,DCF
Dominica,DOM
Martinique,FDF
Guadeloupe,SFG
Guadeloupe,PTP
Grenada,GND
Virgin Islands,STT
Virgin Islands,STX
Puerto Rico,BQN
Puerto Rico,FAJ
Puerto Rico,SIG
Puerto Rico,MAZ
Puerto Rico,PSE
Puerto Rico,SJU
Saint Kitts and Nevis,SKB
Saint Lucia,SLU
Saint Lucia,UVF
Aruba,AUA
Netherlands Antilles,BON
Netherlands Antilles,CUR
Netherlands Antilles,EUX
Netherlands Antilles,SXM
Anguilla,AXA
Trinidad and Tobago,TAB
Trinidad and Tobago,POS
British Virgin Islands,EIS
Saint Vincent and the Grenadines,CIW
Saint Vincent and the Grenadines,MQS
Saint Vincent and the Grenadines,SVD
Kazakhstan,ALA
Kazakhstan,BXH
Kazakhstan,TSE
Kazakhstan,DMB
Kyrgyzstan,FRU
Kyrgyzstan,OSS
Kazakhstan,CIT
Kazakhstan,URA
Kazakhstan,PWQ
Kazakhstan,PLX
Kazakhstan,AKX
Azerbaijan,GYD
Russia,YKS
Russia,MJZ
Russia,BQS
Russia,KHV
Russia,PVS
Russia,GDX
Russia,PWE
Russia,PKC
Russia,UUS
Russia,VVO
Russia,HTA
Russia,BTK
Russia,IKT
Russia,UUD
Ukraine,KBP
Ukraine,DOK
Ukraine,DNK
Ukraine,SIP
Ukraine,IEV
Ukraine,LWO
Ukraine,ODS
Russia,LED
Russia,MMK
Belarus,GME
Belarus,VTB
Russia,KGD
Belarus,MHP
Belarus,MSQ
Russia,ABA
Russia,BAX
Russia,KEJ
Russia,OMS
Russia,KRR
Russia,MCX
Russia,MRV
Russia,STW
Russia,ROV
Russia,AER
Russia,ASF
Russia,VOG
Russia,CEK
Russia,MQF
Russia,NJC
Russia,PEE
Russia,SGC
Russia,SVX
Turkmenistan,ASB
Turkmenistan,KRW
Turkmenistan,CRZ
Tajikistan,DYU
Uzbekistan,BHK
Uzbekistan,SKD
Uzbekistan,TAS
Russia,BZK
Russia,SVO
Russia,KLD
Russia,VOZ
Russia,VKO
Russia,SCW
Russia,KZN
Russia,REN
Russia,UFA
Russia,KUF
India,AMD
India,AKD
India,IXU
India,BOM
India,PAB
India,BHJ
India,IXG
India,BDQ
India,BHO
India,BHU
India,NMB
India,GUX
India,GOI
India,IDR
India,JLR
India,JGA
India,IXY
India,HJR
India,KLH
India,IXK
India,NAG
India,ISK
India,PNQ
India,PBD
India,RAJ
India,RPR
India,SSE
India,STV
India,UDR
Sri Lanka,CMB
Sri Lanka,ACJ
Sri Lanka,BTC
Sri Lanka,RML
Sri Lanka,ADP
Sri Lanka,JAF
Sri Lanka,TRR
Cambodia,KZC
Cambodia,PNH
Cambodia,REP
Cambodia,TNX
India,IXV
India,IXA
India,AJL
India,IXB
India,BBI
India,CCU
India,COH
India,DBD
India,GAY
India,IMF
India,IXW
India,JRH
India,IXH
India,IXS
India,IXI
India,DIB
India,MZU
India,PAT
India,IXR
India,RRK
India,VTZ
India,ZER
Bangladesh,CXB
Bangladesh,CGP
Bangladesh,IRD
Bangladesh,JSR
Bangladesh,RJH
Bangladesh,SPD
Bangladesh,ZYL
Bangladesh,DAC
Hong Kong,HKG
India,AGR
India,IXD
India,ATQ
India,BKB
India,VNS
India,KUU
India,BUP
India,BEK
India,IXC
India,KNU
India,DED
India,DEL
India,GWL
India,HSS
India,JDH
India,JAI
India,JSA
India,IXJ
India,KTU
India,LUH
India,IXL
India,LKO
India,IXP
India,PGH
India,SXR
India,TNI
Laos,LPQ
Laos,PKZ
Laos,ZVK
Laos,NEU
Laos,VTE
Macau,MFM
Nepal,BWA
Nepal,JKR
Nepal,KTM
Nepal,PKR
Nepal,SIF
Nepal,BIR
India,AGX
India,BLR
India,BEP
India,VGA
India,CJB
India,COK
India,CCJ
India,CDP
India,CBD
India,BPM
India,IXM
India,IXE
India,MAA
India,IXZ
India,PNY
India,RJA
India,SXV
India,TJV
India,TIR
India,TRZ
India,TRV
Bhutan,PBH
Maldives,MLE
Thailand,DMK
Thailand,KDT
Thailand,UTP
Thailand,LPT
Thailand,PRH
Thailand,HHQ
Thailand,TKH
Thailand,PHS
Thailand,NAW
Thailand,KBV
Thailand,SGZ
Thailand,PAN
Thailand,USM
Thailand,HKT
Thailand,UNN
Thailand,HDY
Thailand,TST
Thailand,UTH
Thailand,SNO
Thailand,PXR
Thailand,LOE
Vietnam,DAD
Vietnam,HAN
Vietnam,NHA
Vietnam,HUI
Vietnam,PQC
Vietnam,SGN
Burma,VBA
Burma,NYU
Burma,HEH
Burma,HOX
Burma,KET
Burma,KYP
Burma,LSH
Burma,MDL
Burma,MGZ
Burma,MYT
Burma,MOE
Burma,MOG
Burma,NMS
Burma,PAA
Burma,PBU
Burma,PRU
Burma,AKY
Burma,SNW
Burma,THL
Burma,RGN
Indonesia,UPG
Indonesia,BIK
Indonesia,NBX
Indonesia,TIM
Indonesia,DJJ
Indonesia,WMX
Indonesia,MKQ
Indonesia,GTO
Indonesia,PLW
Indonesia,MDC
Indonesia,PSJ
Indonesia,OTI
Indonesia,TTE
Indonesia,LUW
Indonesia,AMQ
Indonesia,FKQ
Indonesia,KNG
Indonesia,BXB
Indonesia,MKW
Indonesia,SOQ
Malaysia,BTU
Malaysia,KCH
Malaysia,LMN
Malaysia,MUR
Malaysia,MYY
Malaysia,SBW
Malaysia,LDU
Malaysia,BKI
Malaysia,LBU
Malaysia,TWU
Brunei,BWN
Indonesia,PKU
Indonesia,DUM
Indonesia,CGK
Indonesia,GNS
Indonesia,AEG
Indonesia,PDG
Indonesia,MES
Indonesia,FLZ
Indonesia,NPO
Indonesia,KTG
Indonesia,PNK
Indonesia,DJB
Indonesia,BKS
Indonesia,PLM
Indonesia,RGT
Indonesia,LSX
Indonesia,BTJ
Malaysia,AOR
Malaysia,BWH
Malaysia,KBR
Malaysia,KUA
Malaysia,KTE
Malaysia,IPH
Malaysia,JHB
Malaysia,KUL
Malaysia,LGK
Malaysia,MKZ
Malaysia,TGG
Malaysia,PEN
East Timor,UAI
East Timor,DIL
East Timor,BCH
Singapore,QPG
Singapore,TGA
Singapore,XSP
Singapore,SIN
Australia,ACF
Australia,ABM
Australia,ASP
Australia,BNE
Australia,OOL
Australia,CNS
Australia,CTL
Australia,ISA
Australia,MCY
Australia,MKY
Australia,PPP
Australia,ROK
Australia,TSV
Australia,WEI
Australia,AVV
Australia,ABX
Australia,MEB
Australia,HBA
Australia,LST
Australia,MBW
Australia,MEL
Australia,ADL
Australia,JAD
Australia,KTA
Australia,KGI
Australia,KNX
Australia,LEA
Australia,PHE
Australia,PER
Australia,UMR
Christmas Island,XCH
Australia,BWU
Australia,CBR
Australia,CFS
Australia,CDU
Australia,DBO
Norfolk Island,NLK
Australia,XRH
Australia,SYD
Australia,TMW
Australia,WGA
China,PEK
China,HLD
China,TSN
China,TYN
China,CAN
China,CSX
China,KWL
China,NNG
China,SZX
China,CGO
China,WUH
North Korea,FNJ
China,LHW
China,XIY
Mongolia,ULN
China,JHG
China,KMG
China,XMN
China,KHN
China,FOC
China,HGH
China,NGB
China,NKG
China,HFE
China,TAO
China,SHA
China,YNT
China,CKG
China,KWE
China,CTU
China,XIC
China,KHG
China,HTN
China,URC
China,HRB
China,MDG
China,DLC
China,PVG
Malaysia,TOD
Malaysia,SZB
Japan,NTQ
Egypt,HBE
United States,BTI
United States,LUR
United States,PIZ
United States,ITO
United States,ORL
United States,BTT
United States,UTO
United States,FYU
United States,SVW
United States,FRN
United States,TLJ
United States,CZF
United States,BED
United States,SNP
United States,EHM
United States,STG
United States,ILI
United States,PTU
United States,BMX
United States,OSC
United States,OAR
United States,MHR
United States,BYS
United States,FSM
United States,MRI
United States,GNT
United States,PNC
United States,SVN
United States,GFK
United States,PBF
United States,NSE
United States,HNM
United States,PRC
United States,TTN
United States,BOS
United States,SUU
United States,RME
United States,ENV
United States,BFM
United States,OAK
United States,OMA
United States,OGG
United States,ICT
United States,MCI
United States,MSN
United States,DLG
United States,HRO
United States,PHX
United States,BGR
United States,FXE
United States,GGG
United States,AND
United States,GEG
United States,HWO
United States,SFO
United States,CTB
United States,ARA
United States,GNV
United States,MEM
United States,DUG
United States,BIG
United States,CNW
United States,ANN
United States,CAR
United States,LRF
United States,HUA
United States,POB
United States,DHT
United States,DLF
United States,LAX
United States,ANB
United States,CLE
United States,DOV
United States,CVG
United States,FME
United States,HON
United States,JNU
United States,LFT
United States,EWR
United States,BOI
United States,INS
United States,GCK
United States,MOT
United States,HHI
United States,MXF
United States,DAL
United States,FCS
United States,HLN
United States,NKX
United States,LUF
United States,HHR
United States,HUL
United States,END
United States,NTD
United States,EDW
United States,LCH
United States,KOA
United States,MYR
United States,NLC
United States,ACK
United States,FAF
United States,HOP
United States,DCA
United States,NHK
United States,PSX
United States,BYH
United States,ACY
United States,TIK
United States,ECG
United States,PUB
United States,PQI
United States,GRF
United States,ADQ
United States,UPP
United States,FLL
United States,INL
United States,SLC
United States,CDS
United States,BIX
United States,LSF
United States,NQI
United States,FRI
United States,MDT
United States,LNK
United States,LAN
United States,MUE
United States,MSS
United States,HKY
United States,SPG
United States,FMY
United States,IAH
United States,ADW
United States,INT
United States,VCV
United States,CEW
United States,PHN
United States,BFL
United States,ELP
United States,HRL
United States,CAE
United States,DMA
United States,NPA
United States,PNS
United States,RDR
United States,HOU
United States,BFK
United States,ORT
United States,PAQ
United States,PIT
United States,BRW
United States,EFD
United States,NUW
United States,ALI
United States,VAD
United States,MIA
United States,SEA
United States,CHA
United States,BDR
United States,JAN
United States,GLS
United States,LGB
United States,HDH
United States,IPT
United States,IND
United States,SZL
United States,AKC
United States,GWO
United States,HPN
United States,FOK
United States,JBR
United States,XSD
United States,LNA
United States,NZY
United States,BIF
United States,YUM
United States,CNM
United States,DLH
United States,BET
United States,LOU
United States,FHU
United States,LIH
United States,HUF
United States,HVR
United States,MWH
United States,MPV
United States,RIC
United States,SHV
United States,CDV
United States,ORF
United States,BPT
United States,SAV
United States,HIF
United States,OME
United States,PIE
United States,MNM
United States,CXO
United States,SCC
United States,SAT
United States,ROC
United States,COF
United States,TEB
United States,RCA
United States,RDU
United States,DAY
United States,ENA
United States,MLC
United States,IAG
United States,CFD
United States,LIY
United States,PHF
United States,ESF
United States,LTS
United States,TUS
United States,MIB
United States,BAB
United States,IKK
United States,GSB
United States,PVD
United States,SBY
United States,BUR
United States,DTW
United States,TPA
United States,PMB
United States,POE
United States,EIL
United States,HIB
United States,LFK
United States,MAF
United States,GRB
United States,ADM
United States,WRI
United States,AGS
United States,ISN
United States,LIT
United States,SWF
United States,BDE
United States,SAC
United States,HOM
United States,TBN
United States,MGE
United States,SKA
United States,HTL
United States,PAM
United States,DFW
United States,MLB
United States,TCM
United States,AUS
United States,LCK
United States,MQT
United States,TYS
United States,HLR
United States,STL
United States,MIV
United States,SPS
United States,LUK
United States,ATL
United States,MER
United States,MCC
United States,GRR
United States,INK
United States,FAT
United States,VRB
United States,IPL
United States,BNA
United States,LRD
United States,EDF
United States,OTZ
United States,AOO
United States,DYS
United States,ELD
United States,LGA
United States,TLH
United States,DPA
United States,ACT
United States,AUG
United States,NIP
United States,MKL
United States,MKK
United States,FTK
United States,SJT
United States,CXL
United States,CIC
United States,BTV
United States,JAX
United States,DRO
United States,IAD
United States,CLL
United States,SFF
United States,MKE
United States,ABI
United States,COU
United States,PDX
United States,TNT
United States,PBI
United States,FTW
United States,OGS
United States,FMH
United States,BFI
United States,SKF
United States,HNL
United States,DSM
United States,EWN
United States,SAN
United States,MLU
United States,SSC
United States,ONT
United States,GVT
United States,ROW
United States,DET
United States,BRO
United States,DHN
United States,WWD
United States,NFL
United States,MTC
United States,FMN
United States,CRP
United States,SYR
United States,NQX
United States,MDW
United States,SJC
United States,HOB
United States,PNE
United States,DEN
United States,PHL
United States,SUX
United States,MCN
United States,TCS
United States,PMD
United States,RND
United States,NJK
United States,CMH
United States,FYV
United States,FSI
United States,FFO
United States,GAL
United States,MWL
United States,IAB
United States,NBG
United States,BFT
United States,TXK
United States,PBG
United States,APG
United States,TCC
United States,ANC
United States,GRK
United States,BLI
United States,NQA
United States,EKN
United States,HFD
United States,SFZ
United States,MOB
United States,NUQ
United States,SAF
United States,BKH
United States,DRI
United States,BSF
United States,OLS
United States,MCF
United States,BLV
United States,OPF
United States,DRT
United States,RSW
United States,AKN
United States,MUI
United States,JHM
United States,JFK
United States,HST
United States,RAL
United States,FLV
United States,WAL
United States,HMN
United States,NXX
United States,CYS
United States,SCK
United States,CHS
United States,RNO
United States,KTN
United States,YIP
United States,VBG
United States,BHM
United States,NEL
United States,SYA
United States,LSV
United States,RIV
United States,MOD
United States,SMF
United States,UGN
United States,COS
United States,BUF
United States,SKY
United States,PAE
United States,MUO
United States,CDC
United States,BDL
United States,MFE
United States,NGU
United States,CEF
United States,LBB
United States,ORD
United States,BCT
United States,FAI
United States,CVS
United States,NGF
United States,OFF
United States,GKN
United States,ART
United States,PSP
United States,AMA
United States,FOD
United States,BAD
United States,FOE
United States,COT
United States,ILM
United States,BTR
United States,TYR
United States,BWI
United States,HBR
United States,LNY
United States,AEX
United States,WSD
United States,CDB
United States,TUL
United States,SIT
United States,ISP
United States,MSP
United States,ILG
United States,DUT
United States,MSY
United States,PWM
United States,OKC
United States,ALB
United States,VDZ
United States,LFI
United States,SNA
United States,CBM
United States,TMB
United States,NTU
United States,GUS
United States,CPR
United States,VPS
United States,SEM
United States,EYW
United States,CLT
United States,LAS
United States,MCO
United States,FLO
United States,GTF
United States,YNG
United States,FBK
United States,WRB
Thailand,BKK
Indonesia,NAH
Indonesia,MXB
Indonesia,SQR
Indonesia,TTR
Indonesia,KDI
Indonesia,SBG
Indonesia,TSY
Indonesia,MLG
Indonesia,BDO
Indonesia,CBN
Indonesia,JOG
Indonesia,CXP
Indonesia,PCB
Indonesia,SRG
Indonesia,BTH
Indonesia,TJQ
Indonesia,PGK
Indonesia,TNJ
Indonesia,SIQ
Indonesia,BDJ
Indonesia,BTW
Indonesia,PKN
Indonesia,PKY
Indonesia,MOF
Indonesia,ENE
Indonesia,RTG
Indonesia,KOE
Indonesia,LBJ
Indonesia,BPN
Indonesia,TRK
Indonesia,SRI
Indonesia,TSX
Indonesia,AMI
Indonesia,BMU
Indonesia,WGP
Indonesia,SUB
Indonesia,SOC
South Korea,ICN
Thailand,CNX
Thailand,CEI
Thailand,NST
Thailand,NAK
Thailand,KOP
Thailand,UBP
Thailand,KKC
Thailand,THS
Indonesia,DPS
Greece,ATH
Japan,NGO
Japan,UKB
United States,PUW
United States,LWS
United States,ELM
United States,ITH
United States,MRY
United States,SBA
United States,DAB
Latvia,LPX
Latvia,RIX
Lithuania,SQQ
Lithuania,HLJ
Lithuania,KUN
Lithuania,PLQ
Lithuania,VNO
Lithuania,PNV
Armenia,EVN
Armenia,LWN
Eritrea,ASA
Eritrea,ASM
Eritrea,MSW
Palestine,GZA
Georgia,BUS
Georgia,KUT
Georgia,TBS
Yemen,RIY
Yemen,TAI
Yemen,HOD
Yemen,ADE
Yemen,AXK
Yemen,AAY
Yemen,SAH
Yemen,BHN
Yemen,SCT
Germany,FMM
Turkey,NAV
Argentina,EZE
Iraq,EBL
Australia,EMD
Greece,HEW
Japan,KIX
United States,JRB
Philippines,TAG
Greenland,JAV
Greenland,JCH
Greenland,JEG
Spain,PMI
Australia,DRW
Thailand,URT
United States,TKA
Malta,GZM
United States,HVN
United States,AVL
United States,GSO
United States,FSD
Australia,AYQ
United States,MHT
United States,APF
Malaysia,RDN
United States,SDF
United States,CHO
United States,ROA
United States,LEX
United States,EVV
United States,ABQ
United States,BZN
United States,BIL
United States,BTM
United States,TVC
Guatemala,FRS
United States,BHB
United States,RKD
United States,JAC
United States,RFD
Russia,DME
China,SYX
New Zealand,MFN
China,LJG
United States,GSP
United States,BMI
United States,GPT
United States,AZO
United States,TOL
United States,FWA
United States,DEC
United States,CID
United States,LSE
United States,CWA
United States,PIA
United States,ATW
United States,RST
United States,CMI
United States,MHK
Australia,KGC
Australia,HVB
China,DLU
Malaysia,MZV
Egypt,SSH
United States,FKL
Kenya,NBO
Tanzania,SEU
Argentina,FTE
Australia,ARM
United States,GJT
United States,SGU
United States,DWH
United States,SRQ
Bermuda,BDA
United States,VNY
United States,MLI
United States,PFN
Solomon Islands,HIR
French Polynesia,PPT
Nauru,INU
Tuvalu,FUN
Russia,OVB
Laos,XKH
United States,BIS
United States,TEX
Thailand,HGN
United States,RAP
United States,CLD
United States,FNT
Philippines,DVO
Portugal,FNC
Brazil,STM
Cambodia,KOS
Canada,YOA
New Zealand,NPE
Fiji,LEV
China,LXA
United States,RDD
United States,EUG
United States,IDA
United States,MFR
New Zealand,KBZ
United States,RDM
New Zealand,PCN
Namibia,WDH
Canada,YWH
China,TNA
China,CZX
China,YBP
Russia,TJM
United States,CAK
United States,HSV
United States,PKB
United States,MGM
United States,TRI
United States,PAH
Djibouti,JIB
China,HAK
Tanzania,MFA
United States,PGA
Honduras,UII
United States,FCA
United States,MBS
United States,BGM
Iraq,BGW
Thailand,NNT
Thailand,ROI
Thailand,BFV
Thailand,TDX
United States,BLH
Iraq,IQA
Iraq,TQD
Iraq,XQC
Philippines,CRK
Malaysia,SDK
Laos,LXG
Laos,ODY
China,SHE
China,DOY
Montserrat,MNI
United States,PSG
China,LYA
China,XUZ
Burma,MWQ
Burma,KHM
Vietnam,DLI
Vietnam,VDH
Vietnam,VKG
Vietnam,CAH
Vietnam,VCL
Vietnam,TBB
Thailand,PYY
Croatia,BWK
Cameroon,NSI
Guinea,CKY
Germany,AAH
Germany,FKB
United States,SFB
United States,JST
Nepal,LUA
Nepal,BHP
Nepal,LDN
Nepal,JMO
Nepal,NGX
Nepal,PPL
Nepal,RUM
Nepal,DNP
Nepal,RUK
Nepal,JUM
Nepal,TPJ
Nepal,TMI
Nepal,SKH
Nepal,IMK
Nepal,DOP
Nepal,BJH
Nepal,DHI
South Korea,MWX
Greece,JTY
Greece,JIK
Greece,JKL
Greece,MLO
Greece,JNX
Greece,PAS
Greece,KZS
Egypt,RMF
Germany,NRN
Philippines,USU
Philippines,BXU
Philippines,DPL
Philippines,LAO
Philippines,LGP
Philippines,OZC
Philippines,CEB
Germany,NOD
Germany,JUI
Brazil,BPS
Brazil,QIG
Brazil,PMW
Brazil,CLV
United States,MSO
Australia,BKQ
Australia,BDB
United States,GCN
United States,SGR
United States,APA
United States,CVN
United States,FST
United States,LVS
United States,IWS
United States,LRU
United States,BKD
United States,TPL
United States,OZA
Maldives,KDM
Canada,LAK
Canada,YWJ
Canada,ZFN
Canada,YGH
Vanuatu,TAH
Canada,YPC
Bolivia,SRZ
Netherlands Antilles,SAB
United States,EGE
Norway,SKN
United States,CGF
United States,MFD
United States,CSG
United States,LAW
United States,FNL
United States,FLG
United States,TVL
United States,TWF
United States,MVY
United States,CON
United States,GON
United States,STC
Burma,BPE
United States,GTR
Russia,GOJ
United States,HQM
United States,ERI
United States,HYA
Belize,SPR
United States,SDX
United States,MGW
United States,CRW
United States,AVP
United States,BJI
Australia,THG
Samoa,FGI
Australia,BNK
United States,FAR
United States,MKC
Cambodia,RBE
United States,GCC
Russia,TOF
United States,NZJ
Thailand,PHY
Thailand,CJM
China,JZH
China,SWA
Guyana,GEO
Paraguay,AGT
Guyana,OGL
Guyana,KAI
China,DNH
Italy,AOI
Egypt,TCP
Cayman Islands,LYB
Turkey,BJV
Tunisia,TBJ
Turkey,SAW
United States,SCE
Australia,BME
Australia,NTL
Austria,KLU
Norway,HFT
Norway,HVG
Norway,MEH
Norway,VDS
Iran,IKA
Iran,MHD
Russia,UIK
United States,MEI
United States,SPI
United States,CEZ
United States,HDN
United States,GUP
United States,LBL
United States,LAA
United States,GLD
United States,COD
Norway,HOV
United Kingdom,ISC
United States,SGF
Norway,NVK
Norway,BVG
Norway,FBU
Russia,NSK
Russia,AAQ
United States,JLN
United States,ABE
United States,XNA
Kazakhstan,GUW
Kazakhstan,KZO
United States,SBN
Russia,BKA
Russia,ARH
Russia,RTW
Russia,NUX
Russia,NOJ
Kazakhstan,SCO
Russia,UCT
Russia,USK
Russia,PEX
Russia,NNM
Russia,PKV
Russia,KGP
Russia,KJA
Kazakhstan,KGF
Russia,URJ
Russia,IWA
China,CGQ
Japan,KIJ
Johnston Atoll,JON
United States,SMD
United States,ACV
United States,OAJ
United States,TCL
United States,DBQ
Hong Kong,HHP
Solomon Islands,ATD
Solomon Islands,AKS
Solomon Islands,BAS
Solomon Islands,FRE
Solomon Islands,MBU
Solomon Islands,IRA
Solomon Islands,SCZ
Solomon Islands,MUA
Solomon Islands,GZO
Solomon Islands,MNY
Solomon Islands,RNL
Solomon Islands,RUS
Solomon Islands,VAO
Solomon Islands,KGE
Solomon Islands,RBV
Papua New Guinea,BUA
Papua New Guinea,CMU
Papua New Guinea,DAU
Papua New Guinea,GUR
Papua New Guinea,PNP
Papua New Guinea,HKN
Papua New Guinea,UNG
Papua New Guinea,KRI
Papua New Guinea,KMA
Papua New Guinea,KVG
Papua New Guinea,MDU
Papua New Guinea,MAS
Papua New Guinea,MXH
Papua New Guinea,MIS
Papua New Guinea,TIZ
Papua New Guinea,TBG
Papua New Guinea,RAB
Papua New Guinea,VAI
Papua New Guinea,WBM
Greenland,LLU
Greenland,CNP
Greenland,JFR
Greenland,JGO
Greenland,JJU
Greenland,JSU
Greenland,JNN
Greenland,JNS
Greenland,NAQ
Greenland,JHS
Greenland,JUV
Greenland,JQA
Iceland,GRY
Iceland,THO
Iceland,VPN
Canada,YWS
Canada,YAA
Canada,YWM
Canada,YFX
Canada,YHA
Canada,YRG
Canada,YCK
Canada,YLE
Canada,SUR
Canada,YAX
Canada,WNN
Canada,YNO
Canada,XBE
Canada,KIF
Canada,YOG
Canada,YHP
Canada,YKU
Canada,ZTB
Canada,ZLT
Canada,YAC
Canada,YAG
Canada,XKS
Canada,YKG
Canada,YAT
Canada,YBE
Canada,YBX
Canada,YRF
Canada,YCS
Canada,YDP
Canada,YER
Canada,YFA
Canada,YFH
Canada,YMN
Canada,YGB
Canada,YGO
Canada,YGT
Canada,YGW
Canada,YGX
Canada,YGZ
Canada,YQC
Canada,CXH
Canada,YNS
Canada,YHO
Canada,YHR
Canada,YIK
Canada,YIV
Canada,AKV
Canada,YKQ
Canada,YPJ
Canada,YLC
Canada,YLH
Canada,XGR
Canada,YMH
Canada,YMT
Canada,YUD
Canada,YNC
Canada,YNE
Canada,YNL
Canada,YOH
Canada,YPH
Canada,YPM
Canada,YPO
Canada,YPW
Canada,YQD
Canada,YQN
Canada,YRA
Canada,YRL
Canada,YSF
Canada,YSK
Canada,YST
Canada,YTL
Canada,YVZ
Canada,YWP
Canada,YXN
Canada,YZG
Canada,ZAC
Canada,ILF
Canada,ZBF
Canada,ZEM
Canada,ZFD
Canada,ZGI
Canada,ZJN
Canada,ZKE
Canada,MSA
Canada,ZMT
Canada,ZPB
Canada,ZRJ
Canada,ZSJ
Canada,ZTM
Canada,ZUM
Canada,ZWL
Algeria,BLJ
Algeria,CBH
Algeria,BMW
Algeria,ELU
Ghana,KMS
Germany,HDF
Germany,HEI
Germany,HGL
Finland,SJY
United Kingdom,NQT
United Kingdom,DSA
United Kingdom,CAL
United Kingdom,EOI
United Kingdom,FIE
United Kingdom,NRL
United Kingdom,PPW
United Kingdom,SOY
United Kingdom,NDY
United Kingdom,LWK
United Kingdom,WRY
United Kingdom,LEQ
United Kingdom,PZE
United Kingdom,VLY
United Kingdom,BRR
Ireland,CFN
Denmark,CNL
Norway,LKN
Norway,OSY
Norway,MQN
Norway,RVK
Norway,RET
Norway,SDN
Norway,SOG
Norway,SVJ
Norway,SOJ
Norway,VAW
Norway,VRY
Poland,BZG
Poland,LCJ
Sweden,OSD
Sweden,HFS
Sweden,KSD
Sweden,TYF
Sweden,AGH
Sweden,SQO
Sweden,HMV
Latvia,VNT
South Africa,QRA
South Africa,MQP
South Africa,AAM
South Africa,MBD
Botswana,GNZ
Botswana,ORP
Botswana,SWX
Botswana,TLD
Congo (Brazzaville),DIS
Zambia,CIP
Comoros,YVA
Madagascar,WAQ
Madagascar,JVA
Madagascar,BMD
Madagascar,MXT
Madagascar,TVA
Madagascar,WTA
Madagascar,WTS
Madagascar,WAM
Madagascar,WPB
Madagascar,DWB
Madagascar,WMP
Madagascar,WMA
Madagascar,MJA
Angola,CBT
Angola,DUE
Angola,VPE
Angola,MSZ
Gabon,KOU
Gabon,MJL
Gabon,TCH
Mozambique,VPY
Chad,SRH
Malawi,CMK
Namibia,LUD
Namibia,OND
Namibia,OMD
Namibia,SWP
Namibia,ERS
Congo (Kinshasa),BOA
Congo (Kinshasa),MAT
Congo (Kinshasa),INO
Congo (Kinshasa),NIO
Congo (Kinshasa),KRZ
Congo (Kinshasa),BSU
Congo (Kinshasa),TSH
Congo (Kinshasa),LJA
Congo (Kinshasa),PFR
United Kingdom,OUK
Spain,GMZ
Sierra Leone,BTE
Sierra Leone,KBS
Sierra Leone,KEN
Guinea-Bissau,OXB
Western Sahara,SMW
Western Sahara,VIL
Morocco,ESU
Western Sahara,EUN
Morocco,NDR
Cape Verde,RAI
Cape Verde,SFL
Ethiopia,BCO
Ethiopia,BEI
Ethiopia,DSE
Ethiopia,DEM
Ethiopia,GDE
Ethiopia,GOR
Ethiopia,ABK
Ethiopia,MTF
Ethiopia,TIE
Somalia,ALU
Somalia,BSA
Somalia,MGQ
Somalia,GLK
Somalia,BUO
Egypt,AAC
Egypt,ATZ
Kenya,ASV
Kenya,LKG
Kenya,MYD
Kenya,NYK
Libya,SRX
Libya,TOB
Libya,MJI
Libya,LAQ
Sudan,ATB
Sudan,UYL
Sudan,PZU
Tanzania,BKZ
Tanzania,TKQ
Tanzania,LDI
Tanzania,MUZ
Tanzania,SHY
Tanzania,TBO
Uganda,RUA
Uganda,ULU
India,DIU
United States,ABR
United States,ABY
United States,AHN
United States,ALM
United States,ALO
United States,ALW
United States,APN
United States,ATY
United States,BFD
United States,BFF
United States,BKW
United States,BQK
United States,BRL
United States,CEC
United States,CGI
United States,CIU
United States,CKB
United States,CLM
United States,CMX
United States,DDC
United States,DUJ
United States,EAU
United States,EKO
United States,EWB
United States,FAY
United States,GGW
United States,GRI
United States,HOT
United States,HTS
Marshall Islands,KIO
United States,IRK
United States,JMS
United States,LAR
United States,LBE
United States,LBF
United States,LEB
United States,LMT
United States,LNS
United States,LWT
United States,LYH
United States,MKG
United States,MLS
United States,MSL
United States,OTH
United States,OWB
United States,PIB
United States,PIH
United States,PIR
United States,PLN
United States,PSM
United States,RDG
United States,RHI
United States,RKS
United States,RUT
United States,SBP
United States,SHR
United States,SLK
United States,SLN
United States,SMX
United States,TUP
United States,UIN
United States,VCT
United States,VLD
United States,WRL
United States,YKM
Cyprus,ECN
Spain,RJL
France,IDY
France,ANE
France,LTT
Greece,JSY
Hungary,PEV
Hungary,SOB
Italy,AOT
Italy,QSR
Portugal,CVU
Bosnia and Herzegovina,BNX
Turkey,USQ
Turkey,KSY
Turkey,SFQ
Turkey,KCM
Turkey,AJI
Turkey,ADF
Turkey,ISE
Turkey,EDO
Turkey,SZF
Slovakia,ILZ
Turks and Caicos Islands,GDT
Turks and Caicos Islands,MDS
Turks and Caicos Islands,SLX
Dominican Republic,AZS
Dominican Republic,JBQ
Guatemala,PBR
Guatemala,AAZ
Marshall Islands,UTK
Honduras,AHS
Honduras,PEU
Marshall Islands,MIJ
Mexico,CYW
Mexico,CUA
Mexico,GUB
Mexico,JAL
Panama,CTD
Panama,ONX
Panama,JQE
Panama,PLP
Costa Rica,TTQ
Costa Rica,BCL
Costa Rica,PBP
Costa Rica,PJM
Costa Rica,SYQ
Haiti,JEE
Haiti,PAX
Cuba,TND
Bahamas,COX
Bahamas,ATC
Bahamas,TBI
Bahamas,CRI
Bahamas,PID
Cook Islands,AIU
Cook Islands,MGS
Cook Islands,MHX
Cook Islands,MUK
Cook Islands,MOI
Cook Islands,PYE
Fiji,ICI
Fiji,PTF
Fiji,KDV
Fiji,MNF
Fiji,MFJ
Fiji,NGI
Fiji,LKB
Fiji,LBS
Fiji,TVU
Fiji,KXF
Fiji,RTA
Fiji,SVU
Tonga,EUA
Tonga,HPA
Tonga,NFO
Tonga,NTT
Fiji,VBV
Niue,IUE
Wallis and Futuna,FUT
Samoa,MXS
French Polynesia,APK
French Polynesia,AHE
French Polynesia,AUQ
French Polynesia,UAP
French Polynesia,UAH
Vanuatu,MTV
Vanuatu,SLH
Vanuatu,TOH
Vanuatu,EAE
Vanuatu,CCV
Vanuatu,LOD
Vanuatu,SSR
Vanuatu,PBJ
Vanuatu,LPM
Vanuatu,LNB
Vanuatu,MWF
Vanuatu,LNE
Vanuatu,NUS
Vanuatu,ZGU
Vanuatu,RCL
Vanuatu,SON
Vanuatu,TGH
Vanuatu,ULB
Vanuatu,VLS
Vanuatu,SWJ
Vanuatu,OLJ
Vanuatu,AUY
Vanuatu,AWD
Vanuatu,DLY
Vanuatu,FTA
Vanuatu,IPA
New Caledonia,TGJ
New Caledonia,BMY
New Caledonia,ILP
Afghanistan,FBD
Saudi Arabia,AJF
Saudi Arabia,WAE
Iran,KHD
Iran,BXR
Iran,RJN
Iran,BJB
Iran,AFZ
Iran,NSH
Iran,SRY
Iran,LRR
Iran,ADU
Iran,OMH
United Arab Emirates,AAN
Pakistan,BNP
Pakistan,BHV
Pakistan,CJL
Pakistan,DBA
Pakistan,DEA
Pakistan,DSK
Pakistan,JIW
Pakistan,HDD
Pakistan,KDD
Pakistan,ORW
Pakistan,PAJ
Pakistan,KDU
Pakistan,SYW
Pakistan,TUK
Iraq,ISU
Syria,KAC
Yemen,GXF
United States,ADK
United States,GST
United States,SGY
United States,HCR
United States,HNS
United States,KLG
United States,MCG
United States,MOU
United States,ANI
United States,VAK
United States,WRG
Papua New Guinea,OPU
Papua New Guinea,VMU
United States,LUP
Marshall Islands,ENT
Taiwan,LZN
Taiwan,HCN
Taiwan,MFK
Japan,KUH
Japan,OKD
Japan,HSG
Japan,NKM
Japan,IWJ
Japan,FKS
Japan,ONJ
Japan,SYO
Japan,MYE
South Korea,KUV
South Korea,MPK
South Korea,WJU
South Korea,YNY
South Korea,HIN
South Korea,CJJ
Philippines,SFS
Philippines,CYU
Philippines,CGM
Philippines,JOL
Philippines,TWT
Philippines,SUG
Philippines,TDG
Philippines,WNP
Philippines,BSO
Philippines,SFE
Philippines,TUG
Philippines,VRC
Philippines,CYP
Philippines,CRM
Philippines,MBT
Philippines,RXS
Argentina,TTG
Argentina,LHS
Argentina,OES
Argentina,ING
Argentina,GGS
Argentina,SST
Argentina,NEC
Brazil,JDO
Brazil,LEC
Brazil,MEA
Brazil,MII
Brazil,VDC
Brazil,RIA
Brazil,TOW
Chile,ESR
Chile,ZPC
Brazil,SOD
Ecuador,SCY
Ecuador,LOH
Ecuador,ESM
Falkland Islands,PSY
Colombia,CRC
Colombia,LQM
Colombia,LPD
Colombia,NQU
Colombia,PDA
Colombia,EYP
Bolivia,GYA
Bolivia,PUR
Bolivia,RIB
Bolivia,REY
Bolivia,SRJ
Suriname,ORG
Brazil,MVS
Peru,CJA
Peru,HUU
Peru,NZC
Brazil,SRA
Venezuela,MYC
Venezuela,VIG
Brazil,JPR
Antigua and Barbuda,BBQ
Guadeloupe,DSD
Guadeloupe,BBR
Guadeloupe,SFC
Guadeloupe,GBJ
Saint Kitts and Nevis,NEV
British Virgin Islands,VIJ
Saint Vincent and the Grenadines,BQU
Saint Vincent and the Grenadines,UNI
Kazakhstan,KOV
Kazakhstan,PPK
Kazakhstan,DZN
Kazakhstan,UKK
Kazakhstan,KSN
Azerbaijan,KVD
Azerbaijan,NAJ
Russia,NER
Russia,PYJ
Russia,CKH
Russia,CYX
Russia,IKS
Russia,KXK
Russia,DYR
Russia,OHO
Marshall Islands,UJE
Ukraine,MPW
Ukraine,VSG
Ukraine,OZH
Ukraine,KWG
Ukraine,HRK
Ukraine,IFO
Ukraine,CWC
Ukraine,RWN
Ukraine,UDJ
Russia,CSH
Russia,CEE
Russia,AMV
Russia,KSZ
Russia,PES
Belarus,GNA
Belarus,MVQ
Russia,EIE
Russia,KYZ
Russia,NOZ
Russia,HTG
Russia,IAA
Russia,NAL
Russia,OGZ
Russia,ESL
United States,WKK
United States,BLF
United States,GLH
United States,PSC
United States,KQA
United States,LPS
Russia,SLY
Russia,HMA
Russia,NYA
Russia,OVS
Russia,IJK
Russia,KVX
Russia,NYM
Russia,RAT
Russia,NFG
Russia,KRO
Tajikistan,LBD
Uzbekistan,AZN
Uzbekistan,FEG
Uzbekistan,NMA
Uzbekistan,NCU
Uzbekistan,UGC
Uzbekistan,KSQ
Uzbekistan,TMJ
Russia,RYB
Russia,EGO
Russia,URS
Russia,LPK
Russia,VKT
Russia,UUA
Russia,JOK
Russia,CSY
Russia,ULY
Russia,OSW
Russia,PEZ
Russia,SKX
Russia,BWO
India,HBX
Sri Lanka,KCT
Sri Lanka,WRZ
Cambodia,BBM
India,SHL
India,GAU
India,DMU
India,TEZ
Bangladesh,BZL
Laos,HOE
Nepal,BHR
Nepal,BDP
Nepal,MEY
Nepal,KEP
Maldives,GAN
Maldives,HAQ
Maldives,KDO
Thailand,MAQ
Vietnam,BMV
Vietnam,HPH
Vietnam,CXR
Vietnam,VCS
Vietnam,VCA
Vietnam,DIN
Vietnam,UIH
Vietnam,PXU
Vietnam,VII
Burma,BMO
Burma,TVY
Burma,KAW
Burma,LIW
Burma,MNU
Burma,BSX
Burma,PKK
Indonesia,SWQ
Indonesia,TMC
Indonesia,BUI
Indonesia,SEH
Indonesia,TJS
Indonesia,DTD
Indonesia,BEJ
Indonesia,TJG
Indonesia,SMQ
Indonesia,LUV
Indonesia,ARD
Malaysia,BLG
Malaysia,LGL
Malaysia,ODN
Malaysia,MKM
Malaysia,BKM
Malaysia,LWY
Malaysia,BBN
Malaysia,TMG
Malaysia,KUD
Indonesia,TKG
Indonesia,HLP
Indonesia,NTX
Indonesia,PSU
Indonesia,SQG
Indonesia,PDO
Indonesia,LSW
Malaysia,PKG
Indonesia,LBW
Indonesia,NNX
Indonesia,LPU
Australia,ALH
Australia,GYL
Australia,AUU
Australia,BCI
Australia,BDD
Australia,BVI
Australia,BHQ
Australia,HTI
Australia,BEU
Australia,BRK
Australia,BUC
Australia,GIC
Australia,OKY
Australia,BQL
Australia,BHS
Australia,BLT
Australia,CVQ
Australia,CAZ
Australia,CPD
Australia,CNC
Australia,CNJ
Australia,CED
Australia,CTN
Australia,CMA
Australia,CNB
Australia,CUQ
Australia,OOM
Australia,DMD
Australia,NLF
Australia,DPO
Australia,ELC
Australia,EPR
Australia,FLS
Australia,GET
Australia,GLT
Australia,GTE
Australia,GFF
Australia,HID
Australia,HOK
Australia,MHU
Australia,HGD
Australia,JCK
Australia,KAX
Australia,KNS
Australia,KFG
Australia,KRB
Australia,KWM
Australia,KUG
Australia,LNO
Australia,LEL
Australia,LDH
Australia,IRG
Australia,LSY
Australia,LHG
Australia,LRE
Australia,LER
Australia,LVO
Australia,UBB
Australia,MKR
Australia,MIM
Australia,MGT
Australia,MNG
Australia,MCV
Australia,MQL
Australia,MMG
Australia,MRZ
Australia,MOV
Australia,MYA
Australia,MGB
Australia,ONG
Australia,MYI
Australia,MBH
Australia,NRA
Australia,NAA
Australia,NTN
Australia,ZNE
Australia,OLP
Australia,PUG
Australia,PMK
Australia,PBO
Cocos (Keeling) Islands,CCK
Australia,GOV
Australia,PKE
Australia,PLO
Australia,EDR
Australia,PQQ
Australia,PTJ
Australia,ULP
Australia,RAM
Australia,RMA
Australia,SGO
Australia,MJK
Australia,SBR
Australia,SRN
Australia,XTG
Australia,TCA
Australia,VCD
Australia,SYU
Australia,WNR
Australia,WYA
Australia,WUN
Australia,WOL
Australia,WIN
Australia,BWT
Australia,OKR
Australia,XMY
China,NAY
China,CIF
China,CIH
China,DAT
China,HET
China,BAV
China,SJW
China,TGO
China,HLH
China,XIL
China,BHY
China,CGD
China,DYG
China,MXZ
China,ZUH
China,LZH
China,ZHA
China,ENH
China,NNY
China,XFN
China,YIH
China,AKA
China,GOQ
China,HZG
China,IQN
China,XNN
China,ENY
China,UYN
Mongolia,AVK
Mongolia,LTI
Mongolia,BYN
Mongolia,DLZ
Mongolia,HVD
Mongolia,MXV
China,DIG
China,LUM
China,SYM
China,ZAT
China,KOW
China,JDZ
China,JIU
China,JUZ
China,LYG
China,HYN
China,LYI
China,JJN
China,TXN
China,WEF
China,WEH
China,WUX
China,WUS
China,WNZ
China,YNZ
China,YIW
China,HSN
China,BPX
China,DAX
China,GYS
China,LZO
China,MIG
China,NAO
China,LZY
China,WXN
China,AKU
China,IQM
China,KCA
China,KRL
China,KRY
China,YIN
China,HEK
China,JMU
China,JNZ
China,NDG
China,YNJ
United States,WKL
Australia,WME
Venezuela,LRV
Ireland,IOR
Ireland,NNR
Germany,GTI
Russia,EZV
United States,ORH
China,AQG
China,SHP
China,YCU
China,JGN
China,DDG
China,DSN
China,PZI
United States,PWT
United States,SPW
United States,JEF
United Kingdom,UNT
United States,PVC
France,SBH
Russia,KMW
Georgia,SUI
Russia,TBW
United Kingdom,OBN
Brazil,ERM
France,CVF
United States,FUL
United States,USA
Uzbekistan,NVI
Algeria,QSF
France,LRH
United States,SUN
United States,MCW
United States,AZA
French Guiana,XAU
United States,AKP
United States,ANV
United States,ATK
United States,GAM
United States,HPB
United States,KAL
United States,KSM
United States,KVL
United States,MYU
United States,RBY
United States,SHH
United States,SVA
United States,WTK
Philippines,OMC
Canada,YPX
Canada,YTQ
United States,ARC
Nigeria,QOW
Costa Rica,FON
Costa Rica,TMU
Philippines,CYZ
Russia,KVK
Brazil,GVR
United States,KPC
Sweden,PJA
Canada,QBC
United States,HGR
Colombia,ACR
India,GOP
United States,SDP
China,HMI
China,WUZ
Philippines,TBH
Iran,ACP
Iran,GBT
Iran,IIL
Iran,PFQ
China,TCG
Turkey,MQM
Uzbekistan,AFS
United States,DRG
Spain,LEN
Spain,RGS
Solomon Islands,EGM
Iran,CQD
India,DHM
India,NDC
India,SLV
United States,IGG
United States,KNW
United States,KVC
United States,PTH
United States,TOG
Sudan,EGN
Malaysia,LKH
Vanuatu,WLH
China,CHG
Kenya,UAS
Honduras,BHG
Canada,YVB
Pakistan,SKT
Uruguay,PDP
Namibia,WVB
Namibia,MPA
Turkey,AOE
Turkey,CKZ
Turkey,MSR
Turkey,NOP
Turkey,TEQ
Turkey,YEI
Guadeloupe,LSS
Myanmar,KMV
Puerto Rico,VQS
Canada,YIF
Iran,HDM
Philippines,MRQ
Australia,GFN
Australia,OAG
Australia,TRO
Mongolia,COQ
Austria,HOH
United States,ESC
United States,YAK
Australia,GUL
Australia,CES
Australia,NSO
Australia,DGE
Australia,MTL
Puerto Rico,CPX
United States,MWA
Australia,OCN
Iraq,KIK
Qatar,XJD
New Zealand,GBZ
United States,IMT
United States,AET
United States,MGC
United States,SWD
United States,GRM
United States,AUW
Turkmenistan,MYP
Iceland,MVA
Spain,QSA
Australia,WSY
United States,MIE
United States,LAF
United States,VGT
United States,ENW
United States,MTJ
United States,RIW
United States,PDT
United Kingdom,LYM
Greece,PKH
Australia,KTR
Australia,NOA
Ukraine,UCK
Ukraine,CEJ
Belarus,BQT
United States,OSH
Germany,AGE
Australia,BXG
United States,EAT
Puerto Rico,ARE
Solomon Islands,RIN
Russia,KCK
Russia,UKX
French Polynesia,RMT
Switzerland,QLS
Switzerland,ZJI
Switzerland,QNC
Russia,TGK
Russia,GDZ
Russia,ZIA
Russia,IAR
China,OHE
China,JNG
Costa Rica,DRK
China,AAT
Bosnia and Herzegovina,TZL
United States,FWH
Burma,NYT
Burma,VBP
China,NZH
China,WUA
United States,GYY
United States,BRD
United States,LWB
United States,PGV
United States,CYF
United States,OXR
United States,BKG
China,TEN
China,JGS
French Polynesia,NIU
United States,SCH
Russia,NBC
Nigeria,QRW
Philippines,IAO
Germany,LGO
South Africa,NLP
Ukraine,CKC
United States,UST
Ukraine,NLV
Nepal,RHP
United States,STS
United States,ISM
United States,LCQ
United States,LGU
United States,BMC
United States,ASE
Russia,ULV
United States,ERV
United States,GED
Canada,ZSW
United States,GBD
United States,HYS
United States,SUS
United States,LYU
United States,GPZ
United States,TVF
United States,EGV
United States,ARV
Canada,YBV
United States,AVX
United States,MHV
Switzerland,ZIN
Ireland,INQ
Russia,SWT
United States,HUT
Afghanistan,OAI
Saudi Arabia,AKH
United States,STJ
United States,VOK
United States,GUC
China,SIA
United States,TOA
United States,MBL
United States,PGD
United States,WFK
United States,JHW
Canada,YTM
United States,SME
United States,SHD
United States,DVL
United States,DIK
United States,SDY
United States,CDR
United States,AIA
United States,MCK
United States,MTH
United States,GDV
United States,OLF
United States,WYS
United States,ALS
United States,CNY
United States,ELY
United States,VEL
United States,RUI
United States,SOW
United States,MYL
United States,SMN
United States,MMH
United States,FRD
United States,ESD
United States,AST
United States,ONP
United States,EMK
United States,UNK
United States,UUK
United States,SHX
United States,CHU
United States,NUI
United States,EEK
United States,KUK
United States,KWT
United States,KWK
United States,MLL
United States,RSH
United States,KGK
United States,KMO
United States,CIK
United States,EAA
United States,HUS
United States,HSL
United States,NUL
United States,VEE
United States,WBQ
United States,CEM
United States,SHG
United States,IYK
United States,VIS
United States,MCE
Uruguay,CYR
Brazil,CPQ
United States,GYR
Australia,TWB
Australia,BBL
Kazakhstan,AYK
United States,AGN
United States,ELV
United States,FNR
United States,HNH
United States,MTM
United States,HYG
United States,EGX
United States,KPV
United States,PIP
United States,WSN
United States,AKK
United States,KYK
United States,KLN
United States,ABL
United States,BKC
United States,IAN
United States,OBU
United States,ORV
United States,WLK
United States,KTS
United States,ELI
United States,GLV
United States,TLA
United States,WAA
United States,WMO
United States,KKA
United States,SMK
United States,SKK
United States,TNC
United States,AKB
United States,IKO
United States,CYT
United States,AUK
United States,KPN
United States,KFP
United States,NLG
United States,PML
United States,KLW
United States,KWN
United States,KOT
United States,KYU
United States,SCM
United States,NNL
United States,KKH
United States,NIB
United States,AKI
United States,AIN
Argentina,APZ
Argentina,RDS
Chile,PNT
Argentina,SGV
Argentina,IGB
United States,NCN
United States,TKJ
United States,IRC
United States,SLQ
United States,LMA
United States,MLY
Canada,YNP
Canada,YSO
Canada,YWB
Canada,YTF
Canada,YGV
Canada,YXK
Canada,XTL
Canada,XLB
Canada,XSI
Canada,YBT
Canada,ZGR
Canada,YCR
Canada,YRS
Canada,YOP
Canada,YBY
Canada,ZNA
Canada,YGG
Canada,YDT
Canada,YLY
Canada,YFJ
Nicaragua,RNI
Nicaragua,BZA
Nicaragua,RFS
Nicaragua,SIU
Nicaragua,WSP
Nicaragua,NCR
Costa Rica,PLD
Dominican Republic,COZ
Jamaica,NEG
Puerto Rico,NRR
Virgin Islands,SPB
Argentina,ARR
Argentina,JSM
Bolivia,UYU
Bolivia,RBQ
Kiribati,ABF
Suriname,ABN
Suriname,DRJ
Suriname,MOJ
Suriname,ICK
Suriname,OEM
Suriname,SMZ
Suriname,TOT
Suriname,AGI
Guyana,ORJ
Guyana,NAI
Guyana,IMB
Guyana,KAR
Guyana,USI
Guyana,MHA
Paraguay,PJC
Colombia,ACD
Colombia,RVE
Russia,BQJ
Colombia,VGZ
Colombia,EBG
Colombia,CAQ
Colombia,COG
Colombia,TLU
Brazil,CFB
Brazil,OPS
Brazil,GRP
Brazil,CMP
Brazil,BVS
Brazil,SFK
Brazil,PIN
Brazil,BRA
Brazil,STZ
Brazil,MQH
Brazil,AUX
Brazil,NVP
Brazil,FRC
Brazil,DOU
Brazil,LBR
Brazil,ROO
Brazil,GPB
Brazil,JCB
Brazil,RVD
Brazil,AAX
Brazil,MBZ
Brazil,RBB
Brazil,CIZ
Brazil,BAZ
Brazil,DMT
Brazil,GNM
Algeria,QDJ
Angola,NZA
Angola,LBZ
Angola,KNP
Chad,AMC
Egypt,GSQ
United States,MRB
Ethiopia,AWA
Ethiopia,JIJ
Ethiopia,MKS
Ethiopia,DBM
Ethiopia,DBT
Ethiopia,QHR
Ethiopia,GOB
Gabon,MYB
Kenya,MRE
Kenya,JJM
Sudan,RBX
Liberia,CPA
Mozambique,IHC
Senegal,MAX
Seychelles,BDI
Sudan,WHF
Tunisia,NBE
Turkey,HTY
French Polynesia,RVV
China,FUO
China,HUZ
Spain,ILD
Iceland,BIU
Iceland,GJR
Iceland,SAK
Ireland,IIA
Mongolia,ULG
Tajikistan,KQT
Russia,VGD
Russia,ONK
Russia,SYS
Russia,LDG
Spain,HSK
Spain,CQM
Iraq,NJF
United Kingdom,CSA
United States,RKH
United States,AGC
United States,VQQ
United States,FTY
Afghanistan,TII
Afghanistan,ZAJ
Afghanistan,CCN
China,FUG
China,LCX
China,BSD
China,ACX
China,HZH
United States,OSU
United States,ADS
United States,DSI
Ukraine,KHE
New Zealand,SZS
China,HJJ
Canada,YQI
United States,ISO
United States,FFA
China,LNJ
Brazil,CKS
Indonesia,MWK
Iran,PGU
Iran,YES
Iraq,OSM
Japan,TJH
Japan,AXJ
Japan,KKX
Japan,AGJ
Mongolia,ULZ
Mongolia,UGA
Mongolia,ULO
Philippines,LBX
Tajikistan,TJU
Taiwan,CMJ
Turkmenistan,TAZ
Australia,BWB
Australia,DRB
Australia,WGE
Australia,BRT
Australia,DKI
Australia,LZR
Australia,HLT
Australia,HCQ
Australia,FIZ
Australia,RVT
United States,PVU
United States,SBS
United States,DTA
United States,PUC
United States,LAM
United States,HII
United States,INW
United States,DGL
Kiribati,MZK
Kiribati,AEA
Kiribati,AAK
Kiribati,KUC
Kiribati,AIS
Kiribati,TMN
Kiribati,BEZ
Kiribati,NIG
Kiribati,BBG
Kiribati,MTK
Kiribati,MNK
Kiribati,NON
Kiribati,TSU
New Zealand,WTZ
New Zealand,KTF
Solomon Islands,AFT
Solomon Islands,RNA
Solomon Islands,CHY
Solomon Islands,NNB
Solomon Islands,XYA
Solomon Islands,BPF
United States,BOW
American Samoa,FTI
United States,LVK
United States,RMY
Namibia,GFY
Namibia,NDU
United States,TRM
United States,SMO
United States,UDD
United States,SCF
United States,OLM
United States,RIL
United States,SAA
United States,PDK
United States,BMG
United States,SUA
United States,MMU
United States,APC
United States,SDM
United States,VNC
United States,PHK
United States,ECP
United States,SBD
Brazil,VAL
Brazil,CAU
Wake Island,AWK
Brazil,QNV
United States,SQL
United States,RWI
United States,SXQ
United States,SEE
Vietnam,PHA
Vietnam,SQH
United States,TKF
France,FRJ
Australia,GEX
United States,LVM
United States,GMV
United States,JRA
United States,LAL
Nepal,SYH
United States,RBK
Italy,FNU
India,MYQ
United States,MGY
United States,FDY
Australia,PEA
Germany,EMP
United Kingdom,HYC
United Kingdom,BBP
United States,SPF
Poland,QYD
United States,OLV
Chile,KNA
Turkey,ONQ
United States,BJC
United States,SLE
United States,UTM
Zambia,ZKB
Germany,LND
United States,MWC
United States,JVL
United States,LZU
United States,BWG
United States,RVS
United Arab Emirates,NHD
Ukraine,KGO
Egypt,DBB
United States,BCE
Russia,CKL
China,TCZ
Ukraine,UKS
Afghanistan,OAZ
United States,JCI
United States,ESN
Norway,HMR
United States,MYV
United States,DUC
United States,UVA
United States,LOT
United States,CCR
United States,OCA
China,YUS
China,HIA
Canada,YOO
Germany,LHA
Burma,NYW
United States,ATO
United States,SGH
Dominican Republic,HEX
Australia,CDA
Australia,JAB
Sierra Leone,HGS
United States,TOP
United States,MQY
United States,UOS
China,NGQ
Germany,CSO
United States,PWK
United States,KLS
French Polynesia,ZTA
Panama,PUE
Ukraine,KHC
Kenya,UKA
United States,ILN
United States,AVW
United States,CGZ
United States,BXK
United States,MMI
United States,STK
United States,RWL
United States,CDW
United States,AIZ
United States,TVI
United States,HSH
Ukraine,GML
United States,TMA
Poland,RDO
United States,DVT
Canada,YRV
United States,FRG
China,ZHY
United States,MCL
United States,PPC
Botswana,KHW
Taiwan,TXG
United States,HLG
Burma,XYE
United Arab Emirates,DWC
United States,RKP
France,MVV
France,MFX
China,AEB
Namibia,OKF
Namibia,OKU
Germany,KOQ
Germany,PSH
United States,TTD
United States,HIO
Afghanistan,KHT
Burma,NMT
United States,BNO
United States,PRZ
United States,RBL
United States,NOT
United States,LKV
United States,OTK
United States,ONO
United States,DLS
United States,GAI
Afghanistan,OAS
Canada,YTA
Namibia,TSB
Canada,YSD
Brazil,BNU
Canada,YCC
Brazil,IZA
United States,MVL
United States,RBD
Kazakhstan,BXY
United States,WST
United States,BID
United States,NME
United States,OOK
Greenland,OBY
Ukraine,VIN
United States,BGE
Canada,ZGS
Canada,ZKG
Canada,YBI
United States,WHP
United States,MAE
Canada,YZZ
Canada,YAB
French Guiana,GSI
French Guiana,MPY
French Guiana,LDX
China,KJI
Colombia,CPB
Egypt,HMB
Uruguay,RVY
Brazil,POJ
Brazil,JTC
Brazil,OIA
Brazil,RDC
Brazil,SXX
Brazil,BYO
Brazil,SXO
Brazil,CFC
Brazil,CAF
Brazil,ERN
Brazil,CCI
Brazil,FBE
Brazil,CFO
United States,AAF
Brazil,UMU
Brazil,DTI
Brazil,FBA
Brazil,OLC
Brazil,HUW
Brazil,IRZ
Brazil,ORX
Brazil,UNA
Australia,TEF
Turkey,GZP
Afghanistan,OAA
United States,FPR
United States,PYM
United States,NCO
United States,OWD
United States,BAF
United States,MGJ
United States,HAR
United States,DXR
United States,ASH
United States,LWM
United States,OXC
United States,RMG
United States,GAD
United States,WDR
United States,DNN
United States,LGC
United States,PIM
United States,GVL
United States,PHD
United States,HHH
United States,DNL
United States,MRN
United States,PVL
United States,TOC
Ukraine,PLV
Sudan,WUU
Ethiopia,HUE
Kenya,OYL
Morocco,OZG
Sierra Leone,WYE
Sierra Leone,GBK
Russia,THX
Russia,TGP
United States,AFW
Australia,RMK
Australia,LGH
Australia,RTS
Australia,FOS
Canada,KEW
Canada,YSP
Canada,YHF
Canada,YHN
Canada,YKX
Canada,YMG
Canada,YXZ
Canada,YEM
United States,LWC
United States,PPM
Australia,XMC
Saudi Arabia,ULH
Australia,YUE
Indonesia,LOP
Canada,ZMH
China,HDG
United States,LOZ
United States,FBG
Poland,WMI
China,JXA
South Korea,JDG
Canada,YGM
Russia,EYK
United States,RAC
Philippines,RZP
China,RKZ
United States,TIW
United States,GUF
Ecuador,IBB
Ukraine,HMJ
Japan,HIW
Australia,KYI
United States,HZL
United States,CBE
Australia,WYN
Canada,YBO
Russia,KLF
United States,LNR
United States,JOT
United States,VYS
United States,JXN
United States,BBX
United States,OBE
United States,SEF
United States,AVO
United States,GIF
United States,ZPH
United States,OCF
United States,AIK
United States,CDN
United States,LBT
United States,SOP
United States,SVH
United States,LHV
United States,BKL
United States,DKK
United States,LLY
United States,LDJ
United States,ANQ
United States,CLW
United States,CGX
United States,CRE
Switzerland,BXO
United States,WBW
United States,LNN
Greenland,UMD
China,RLK
United States,FFT
United States,LEW
United States,MRK
United States,DRE
United States,GDW
United States,MFI
United States,ISW
United States,CWI
United States,BVY
Russia,OSF
Canada,YRQ
United States,POF
United States,EOK
United Kingdom,PSL
United States,STP
Sweden,SOO
Laos,VNA
Russia,DKS
Ireland,BYT
South Africa,ADY
United States,HAO
Kenya,GAS
Kenya,HOA
Kenya,KEY
Kenya,ILU
Madagascar,ATJ
Madagascar,OVA
Russia,UTS
Russia,RGK
United States,FLD
United States,STE
Russia,MQJ
Germany,PEF
Indonesia,CJN
United States,GQQ
Ecuador,TPN
Ecuador,PTZ
United States,CKV
United States,LPC
United States,CTH
Afghanistan,BST
Azerbaijan,LLK
Azerbaijan,GBB
Azerbaijan,ZTU
United States,LKP
Russia,KDY
Russia,GYG
China,JIQ
United States,AOH
North Korea,DSO
United States,SSI
United States,BFP
United States,GGE
United States,HDI
United States,RNT
United States,POC
United States,CTY
United States,CEU
United States,BEC
United Kingdom,QFO
United States,SNY
Australia,GKL
Australia,RPB
Australia,IFL
United States,JRF
Afghanistan,BIN
China,NBS
North Korea,RGO
Australia,MOO
Poland,LUZ
United States,ECA
Maldives,VAM
China,LLF
Croatia,LSZ
Australia,ONS
Australia,TDR
United States,WBU
Germany,BBJ
United States,PAO
Russia,USR
United States,MSC
China,YTY
United States,PTK
Guinea,KSI
United States,EEN
China,THQ
Cuba,VRO
Maldives,GKK
United Kingdom,RCS
Argentina,RHD
Namibia,KMP
China,KGT
Russia,VUS
United States,IOW
China,TLQ
United States,ANP
Mozambique,FXO
Russia,ODO
Ukraine,ZTR
Sri Lanka,HRI
United States,PEQ
United States,HBG
Brazil,QCJ
Brazil,QSC
United States,YKN
United Arab Emirates,XSB
Canada,ZBM
Cambodia,KTI
China,GYU
China,CNI
United Kingdom,KRH
China,JGD
Australia,CCL
United States,HWD
New Zealand,MZP
Australia,JHQ
United States,ARB
Australia,SHT
Australia,TEM
Australia,GAH
Australia,WIO
China,BFJ
Russia,ULK
Russia,KVR
Turkey,IGD
Turkey,GNY
Turkey,KZR
Russia,VLU
Australia,BEO
Australia,BMP
United States,NGZ
Canada,YCN
Brazil,BJP
Australia,BQB
Russia,SEK
Australia,IVR
Australia,GLI
United States,IMM
Indonesia,TQQ
China,YIC
United States,PTB
United States,SBM
Australia,KFE
Nepal,BJU
United States,MZJ
United States,SAD
Australia,SLJ
Japan,KJP
Kazakhstan,EKB
United States,SIK
French Polynesia,TTI
United States,GFL
United States,MTN
United States,FRY
United States,NEW
United States,COE
United States,BMT
United States,DNV
Australia,COJ
United States,TIX
Zimbabwe,BZH
Morocco,UAR
Kenya,NYE
United States,AAP
United States,FCM
Malawi,LIX
United States,OJC
Sri Lanka,GIU
Germany,EUM
Thailand,TKT
Canada,YLK
Canada,YCM
Canada,YPD
United States,MNZ
United States,LJN
Turkey,BGG
Turkey,KFS
China,LLV
China,DCY
China,GXH
Italy,CIY
Russia,KVM
Russia,ZKP
Russia,UMS
Russia,ADH
Russia,OLZ
China,NLT
United States,PTA
France,BOR
Djibouti,OBC
Djibouti,TDJ
Guatemala,AQB
Iceland,NOR
Turkey,BTZ
Indonesia,WAR
United States,EWK
Australia,BSJ
United States,TZR
United States,FBR
United States,CLS
United States,EVW
United States,EUF
United States,MEO
United States,AUO
United States,DBN
French Polynesia,PUK
United States,CVO
Australia,PXH
Australia,CWT
United States,OGD
United States,AKO
United States,SHN
United States,WNA
United States,PKA
Canada,YBW
Suriname,WSO
Bahamas,WKR
Guyana,GFO
United States,DYL
Peru,TGI
Brazil,TJL
China,YZY
Brazil,OAL
United States,OCW
Chile,MHC
United States,SWO
United States,OKM
United States,CUH
United States,CSM
United States,WLD
United States,PWA
United States,DTN
United States,SEP
United States,ADT
United States,IRB
Canada,YEL
United States,IKB
United States,DAN
Russia,ERG
United States,HCW
Morocco,BEM
Turkey,NKT
Russia,SUY
Mauritania,OUZ
Nigeria,ABB
Nigeria,QUO
Zambia,KAA
Tanzania,SGX
China,JUH
China,AOG
China,DQA
China,ZYI
China,LDS
China,AVA
Mali,KSS
Australia,WTB
China,TNH
China,SZV
Indonesia,LII
Indonesia,NTI
Indonesia,WSR
Indonesia,DTB
Indonesia,MEQ
Indonesia,BUW
Indonesia,KAZ
Indonesia,MNA
Indonesia,SGQ
Indonesia,BUU
Indonesia,ILA
Indonesia,OKL
Indonesia,KOX
Australia,CMQ
Australia,WMB
Australia,RCM
Australia,DCN
Indonesia,KNO
Canada,AMN
South Korea,HMY
United States,EMT
Afghanistan,FAH
India,IXT
Ukraine,KRQ
Norway,QKX
United States,SSF
United States,JAS
United States,MRF
United States,ALE
Guinea-Bissau,BQE
Mexico,CZA
Australia,BUY
United States,CCB
United States,EKI
United States,CUB
United States,GDC
United States,HVS
Mexico,SZT
Canada,DU9
Panama,RIH
United States,LEE
Brazil,PPY
Brazil,DIQ
Russia,EIK
Ukraine,ERD
Indonesia,BWX
China,ERL
United States,CNO
Japan,HTR
Cuba,BWW
United States,PRB
China,PKX
United States,HAF
China,HCJ
United States,WJF
Australia,CJF
Brazil,GUZ
Brazil,UBT
Australia,BOX
United Kingdom,QUG
Ecuador,TNW
China,FYJ
South Africa,PZL
China,LPF
China,KJH
China,HPG
China,ZQZ
China,YIE
China,HNY
China,AHJ
North Korea,WOS
Russia,IGT
United States,ASN
United States,GMU
British Virgin Islands,NGD
United States,TOI
United States,ETS
Papua New Guinea,EFG
Papua New Guinea,KGW
Papua New Guinea,NDN
Papua New Guinea,BNM
United States,ALX
Australia,PKT
Australia,GPN
Qatar,DOH
Canada,HZP
United States,HDE
United States,PTT
United States,LXN
United States,CBF
United States,OKK
United States,GBG
United States,GUY
United States,IDP
United States,BBC
United States,PRX
United States,CFV
United States,GXY
United States,OEL
United States,FET
United States,LGD
Poland,SZY
United States,MPO
United States,UKT
Canada,YBA
United States,BNG
United States,OFK
Brazil,TFL
United States,TPF
Brazil,BZC
Brazil,ITP
Brazil,REZ
Congo (Kinshasa),KBN
Congo (Kinshasa),IKL
Brazil,AIR
Brazil,JRN
Brazil,JIA
Brazil,VLP
Brazil,JUA
Brazil,CCX
Brazil,TGQ
Brazil,CQA
Brazil,MTG
Congo (Kinshasa),BMB
Brazil,APQ
Brazil,FLB
Brazil,PCS
Congo (Kinshasa),BNC
Congo (Kinshasa),BNB
United States,MTP
United States,VPZ
Maldives,DRV
Indonesia,SXK
Uruguay,MLZ
Uruguay,PDU
Uruguay,ATI
Australia,HSM
Australia,SWH
Fiji,TTL
Indonesia,KWB
Congo (Kinshasa),KOO
Laos,AOU
Brazil,SQX
United States,LDM
United States,RHV
Oman,OHS
Pakistan,KCF
Pakistan,RZS
Maldives,TMF
Maldives,IFU
Papua New Guinea,KZF
Turkey,OGU
Turkey,YKO
Bhutan,BUT
Indonesia,TLI
Russia,TQL
China,JIC
China,BPL
China,FYN
Russia,ACS
China,LFQ
Canada,YJP
United States,WVI
Bhutan,GLU
United States,HLI
Australia,DLK
Canada,YBS
China,RIZ
China,SQJ
Australia,XTO
Canada,YSE
Canada,YAH
Canada,YAL
Canada,YCE
Canada,YCQ
Canada,XRR
Canada,YDO
Canada,YEY
Canada,YHE
Canada,YHT
Canada,YDG
Canada,YJF
Canada,YKJ
Canada,YLR
Canada,YME
Canada,YML
Canada,YOS
Canada,YPS
Canada,YQS
Canada,YRO
Canada,YSH
Canada,YSL
Canada,YVE
Canada,YXQ
Canada,YSN
Canada,KES
Canada,XPK
Canada,ZGF
Canada,ZJG
Canada,YTD
Canada,PIW
Canada,XPP
Canada,WPC
Canada,ZST
Canada,ZUC
Germany,FNB
United Kingdom,FSS
Poland,BXP
Latvia,DGP
South Africa,LMR
Botswana,SXN
Angola,NDD
Malawi,MAI
Namibia,ADI
Sudan,MWE
United States,ALN
United States,AXN
United States,CLU
United States,BBD
United States,BIH
United States,BKE
United States,BPI
United States,WMH
United States,BTL
United States,BYI
United States,CCY
United States,CNU
United States,CRG
United States,CSV
United States,DAA
United States,DAG
United States,DMN
United States,DRA
United States,EED
United States,EGI
United States,EKA
United States,HYR
United States,JCT
United States,LOL
United States,MBG
United States,MCB
United States,MDH
United States,MMT
United States,NHZ
United States,NRB
United States,OGB
United States,OTM
United States,OZR
United States,PWY
United States,POU
United States,RSL
United States,RWF
United States,SNS
United States,TPH
United States,UKI
United States,UOX
United States,HTV
United States,VTN
United States,WMC
United States,WWR
United States,ZZV
Spain,ECV
Spain,CDT
Spain,TEV
Italy,QLP
Serbia,BJY
Guatemala,RUV
Honduras,XPL
Costa Rica,UPL
Cuba,QSN
Cuba,SNJ
Saudi Arabia,DWD
Saudi Arabia,KMX
Saudi Arabia,XXN
Iran,KNR
Iran,PYK
Kuwait,XIJ
Pakistan,ATG
Pakistan,SGI
Iraq,RQW
United States,ENN
United States,WWA
Japan,IWK
Japan,IEJ
Philippines,AAV
Philippines,BPH
Philippines,MXI
Brazil,BAT
Brazil,QHP
Chile,TOQ
Chile,CNR
Chile,TLX
Chile,ZIC
Chile,TTC
Colombia,API
Colombia,CVE
Colombia,PAL
Colombia,PZA
Colombia,TQS
Peru,RIJ
Peru,JAE
Kyrgyzstan,IKU
Russia,VYI
Russia,BGN
Russia,GVN
Russia,NLI
Russia,VLK
Russia,INA
Russia,ZIX
India,RTC
Sri Lanka,HIM
India,RDP
India,PUT
Russia,LNX
Australia,ABH
Australia,ARY
Australia,BLN
Australia,BZD
Australia,BWQ
Australia,CVC
Australia,CWW
Australia,CYG
Australia,CMD
Australia,DRN
Australia,DNQ
Australia,DYA
Australia,ECH
Australia,FRB
Australia,GUH
Australia,HXX
Australia,HTU
Australia,KRA
Australia,KPS
Australia,KGY
Australia,TGN
Australia,MRG
Australia,RPM
Australia,QRM
Australia,PPI
Australia,SIO
Australia,SNB
Australia,SWC
Australia,TYB
Australia,TUM
Australia,WGT
Australia,WKB
Australia,QRR
Australia,SXE
Australia,WWY
Australia,NGA
China,LHK
China,WDS
China,HTT
Mongolia,UUN
China,BFU
China,RUG
China,WHU
China,SXJ
China,YKH
Russia,BQG
India,HYD
Benin,PKO
Benin,KDC
Australia,HMG
Somalia,BIB
Australia,KCS
Germany,BMR
United States,MVW
Australia,GOO
United States,APT
United States,DCU
United States,GLW
Australia,DKV
United States,RNZ
Russia,SBT
China,AXF
Papua New Guinea,NIS
Papua New Guinea,BUL
United States,TBR
Australia,AMT
Australia,EDD
Australia,FIK
Brazil,JJG
Zimbabwe,WKI
Lithuania,KLJ
United States,ETB
United States,GLR
United States,AID
Serbia,QND
Iceland,GUU
United States,PCD
Namibia,OTJ
United States,TSM
United States,RTN
United States,PPA
United States,FLP
United States,BGD
United Kingdom,HLE
Germany,BNJ
Russia,NGK
United States,SQA
China,HXD
China,BAR
Australia,ZBO
China,UCB
Cote d'Ivoire,KEO
Guinea,GII
Guinea,NZE
Australia,OCM
China,WGN
Brazil,TXF
United States,SPA
Indonesia,BJW
Equatorial Guinea,NBN
Congo (Brazzaville),OLL
United States,PPF
Laos,PCQ
United States,AYS
Senegal,DSS
United States,PMH
Australia,NAC
Brazil,PGZ
Mexico,PQM
Australia,CUD
United States,CLP
Canada,JOJ
Nicaragua,ECI
Greenland,QGQ
Greenland,QPW
Greenland,QJE
Greenland,XIQ
Greenland,QQT
Greenland,QJI
Greenland,QFG
Greenland,QRY
Brazil,NPR
Brazil,SMT
Paraguay,ENO
Kazakhstan,UZR
Russia,NYR
Russia,SUK
Russia,UKG
Russia,VHV
Russia,DEE
Russia,EKS
Russia,TLK
United States,RDB
Congo (Brazzaville),ION
Algeria,EBH
Libya,ZIS
Malawi,MYZ
Nigeria,BCU
Nigeria,GMO
Senegal,KDA
Swaziland,SHO
Tanzania,KIY
Tanzania,QSI
Zambia,MNS
Afghanistan,GZI
China,DBC
China,LNL
China,SQD
China,YSQ
China,JSJ
China,WMT
China,LLB
China,CDE
China,DTU
China,EJN
China,RHT
China,HUO
China,GMQ
China,QSZ
India,TEI
China,CWJ
China,JMJ
China,NLH
Brazil,PBQ
China,WUT
China,NZL
India,AIP
India,VDY
India,SAG
India,PYB
Indonesia,SUP
Indonesia,RKO
Indonesia,PPR
Indonesia,TJB
Indonesia,KRC
Indonesia,NRE
Indonesia,NAM
Indonesia,DOB
Indonesia,SQN
Indonesia,AYW
Indonesia,BYQ
Indonesia,UOL
Indonesia,RAQ
Iran,JSK
Laos,ZBY
Nepal,BGL
Nepal,RJB
Oman,DQM
Australia,CKI
Australia,BYP
Fiji,LUC
Fiji,YAS
New Zealand,WIK
Indonesia,DEX
French Polynesia,NAU
French Polynesia,FAC
French Polynesia,NUK
French Polynesia,VHZ
French Polynesia,HHZ
French Polynesia,RRR
French Polynesia,KHZ
French Polynesia,TKV
Papua New Guinea,TDS
Indonesia,TMH
Australia,NKB
Spain,AEI
Uganda,KSE
Argentina,NCJ
Turkey,IST
United States,SOV
Canada,YSG
Malawi,DWA
South Sudan,HGI
India,KQH
India,CNN
Chile,ZCO
South Africa,ASS
United States,VDI
Pakistan,ISB
United States,MHE
Tanzania,GIT
Burundi,GID
Spain,RMU
Brazil,CQS
Azerbaijan,ZXT
Bulgaria,JAM
China,YUA
China,XEN
Cyprus,GEC
Tanzania,MBI
Indonesia,UGU
Israel,ETM
Oman,MNH
Philippines,CGY
Chile,CPO
